id,authorName,publicationDate,title
312,"John Maddock","2023-02-19 17:04:37","Re:  boost::math::tools::promote_args not works with C++23 FP-types"
384,"Andrey Semashev","2018-11-03 12:41:35","Re: [boost] [parameter] Go C++11 and above only, or keep C++03 support?"
675,"Rob Stewart","2015-10-04 05:54:10","Re: [boost] Boost.test failures in develop"
782,"Vicente J. Botet Escriba","2012-11-17 07:04:39","[boost] Should the clang, c++11 and libstdc++ configuration supported?"
1321,"Andrey Semashev","2018-11-05 09:53:12","Re: [boost] [config] std::uncaught_exceptions"
1326,"Robert Ramey","2012-05-03 16:14:33","Re: [boost] question about C++11 guidelines"
1471,"Vinnie Falco","2021-10-19 01:52:31","Re:  Opinions on introduction of string_view in Core"
1570,"Robert Ramey","2019-11-08 13:48:10","Re:  Suggested policy for dropping C++03 support in Boost libraries"
2073,"Andrey Semashev","2017-05-20 16:16:13","Re: [boost] std::auto_ptr in public interfaces"
2232,"Niall Douglas","2013-06-17 11:04:32","Re: [boost] [c++11]"
2442,degski,"2018-08-27 05:47:17","Re: [boost] A possible date for dropping c++03 support"
2926,"Mateusz Loskot","2022-05-05 19:29:50","Re:  Future of C++ and Boost"
3081,"Emil Dotchevski","2020-10-26 19:38:37","Re:  [gil] Phasing out support C++11 and switching to C++17"
3217,"Andrey Semashev","2017-03-23 12:18:34","Re: [boost] Constructing string_ref from rvalue string"
3301,"Robert Ramey","2019-06-29 05:41:12","Re:  Boost Version 1.47 not building with 2017."
3621,"Peter Dimov","2021-10-21 01:13:09","Re:  Boost.URL: Something Wicked This Way Comes!"
4663,"Andrey Semashev","2016-10-13 10:56:21","Re: [boost] Curiousity question"
4762,"Lorenzo Caminiti","2018-11-05 03:41:47","[boost] [config] std::uncaught_exceptions"
5075,"Andrey Semashev","2016-11-07 03:35:04","Re: [boost] [config] std::shuffle support"
5152,degski,"2020-03-24 19:34:43","Re:  boost [math] excessive warnings via [lexical_cast] from [date_time] (and others) for clang 3.4?"
5161,"Sid Sacek","2011-09-13 14:48:48","[boost] [C++11 Feature List]"
5280,"Rainer Deyke","2020-11-28 10:02:10","Re:  The new Boost 17.0.0"
5429,"Glen Fernandes","2017-03-16 12:14:04","Re: [boost] [partly OT] Re: [review queue] What to do about the library review queue?"
5560,"Tom Kent","2018-08-27 21:49:35","Re: [boost] A possible date for dropping c++03 support"
5829,"Robert Ramey","2018-08-29 16:35:19","Re: [boost] Let's stop distributing binaries"
6394,"Mateusz Loskot","2020-10-27 09:25:00","Re:  [gil] Phasing out support C++11 and switching to C++17"
6478,"Daniele Lupo","2023-05-09 09:51:23","Re:  The Future of Boost - deprecating libraries"
6620,"Beman Dawes","2011-08-13 16:03:23","Re: [boost] The Lonely Song of the MPL Maintainer -- or Boost support for antediluvian compiler and the future supprot of C++11"
6652,"Peter Dimov","2021-10-16 18:49:01","Re:  Opinions on merging Assert, StaticAssert, ThrowException into Core"
7248,"Edward Diener","2018-02-19 18:30:52","Re: [boost] C++03 / C++11 compatibility question for compiled libraries"
7351,"Adam Wulkiewicz","2014-05-29 22:03:57","Re: [boost] [smart_ptr][intrusive] boost::unique_ptr<>"
7611,"Peter Dimov","2018-10-24 14:59:48","Re: [boost] The future and present of Boost"
7973,"Glen Fernandes","2020-12-01 21:23:10","Re:  The new Boost 17.0.0"
8223,"Gavin Lambert","2016-03-03 23:10:03","Re: [boost] [type_traits] is_base_of<B, D> should work when B is incomplete"
8404,"Ion Gaztañaga","2014-08-27 17:41:25","Re: [boost] [move][unique_ptr] c++14 unique_ptr comes to town"
8487,"Jonathan Wakely","2013-10-18 15:48:14","Re: [boost] [modularization] Modularizing Boost (modularization)"
8554,"Gero Peterhoff","2020-10-03 10:25:17","Re:  new type traits"
8650,"Howard Hinnant","2019-08-12 12:53:59","Re:  Potential project: Resolving boost::chrono conflicts with std::chrono"
8928,"Steven Watanabe","2015-05-14 19:25:28","Re: [boost] Some statistics about the C++ 11/14 mandatory Boostlibraries"
9367,"Agustín K-ballo Bergé","2012-07-01 20:41:43","[boost] [type_index] C++03 implementation in boost?"
9537,"Vicente J. Botet Escriba","2016-05-22 14:28:28","[boost] Boost 2.x - (Was Re: Boost is supposed to serve *the entire C++ community; it isn't Boost's goal to serve Boost's community*)"
9650,"Andrey Semashev","2013-06-14 06:53:17","Re: [boost] [c++11]"
9702,"Vicente J. Botet Escriba","2016-03-16 03:43:19","Re: [boost] [Boost-users] [Fit] About supported C++ version"
9771,"Niall Douglas","2018-02-17 17:56:21","Re: [boost] C++03 / C++11 compatibility question for compiled libraries"
9997,"Peter Dimov","2023-04-28 14:35:33","Re:  Boost.Compat"
10041,"Stephen Kelly","2015-02-28 08:08:29","Re: [boost] sun toolset buggy and outdated?"
10046,"Edward Diener","2018-08-30 20:05:37","Re: [boost] A possible date for dropping c++03 support"
10269,"Vicente J. Botet Escriba","2013-05-13 17:26:55","Re: [boost] C++03 and C++11 ABI compatibility for compiled libraries"
10323,"Edward Diener","2018-02-08 15:28:51","Re: [boost] C++03 / C++11 compatibility question for compiled libraries"
10461,"Andrey Semashev","2021-10-18 11:38:30","Re:  Opinions on introduction of string_view in Core"
10763,"Peter Dimov","2023-02-04 18:50:16","Re:  Dropping C++03 support (again)"
10929,"Niall Douglas","2013-10-31 12:20:03","Re: [boost] A bike shed (any colour will do) on greener grass..."
11373,"Peter Dimov","2020-09-22 02:00:15","Re:  Proposal for adding C++ level to the meta/libraries.json"
11612,"Edward Diener","2018-02-09 22:02:11","Re: [boost] C++03 / C++11 compatibility question for compiled libraries"
11715,"Edward Diener","2015-10-05 19:18:09","Re: [boost] boost.test regression or behavior change (was Re: Boost.lockfree)"
12081,"Edward Diener","2018-02-18 21:36:59","Re: [boost] C++03 / C++11 compatibility question for compiled libraries"
12204,"Andrey Semashev","2018-11-03 14:24:58","Re: [boost] [parameter] Go C++11 and above only, or keep C++03 support?"
12388,"Andrey Semashev","2020-03-26 11:49:54","Re:  [config] Switching to C++11 after 1.73 release"
12593,"Robert Ramey","2023-02-05 23:39:57","Re:  Dropping C++03 support (again)"
12689,"Alexander Grund","2020-06-15 12:19:42","Re:  [double-ended] where is it?"
13106,"Robert Ramey","2023-05-11 13:50:15","Re:  charconv for C++11"
13268,"Andrey Semashev","2014-12-28 18:46:33","Re: [boost] SYCL (RE: [compute] review)"
13492,"Glen Fernandes","2021-10-17 22:37:31","Re:  Opinions on introduction of string_view in Core"
14052,"Lars Viklund","2012-12-31 11:59:57","Re: [boost] Release managers: Boost.Thread breaking changes in 1.53"
14126,"RenÃ© Ferdinand Rivera Morell","2023-02-17 18:51:04","Re:  Dropping C++03 support (again)"
14178,"Andrey Semashev","2017-05-20 15:28:54","Re: [boost] std::auto_ptr in public interfaces"
14231,"Rob Stewart","2015-10-05 04:51:37","Re: [boost] [test] Boost.test failures in develop"
14294,"Joel falcou","2011-08-14 10:28:42","Re: [boost] The Lonely Song of the MPL Maintainer -- or Boost support for antediluvian compiler and the future supprot of C++11"
15503,"Reece Dunn","2006-01-31 04:26:01","Re: [boost] [Release 1.34] Supported Compilers"
15543,"Pete Bartlett","2014-11-24 17:05:34","Re: [boost] List of C++ 11 only Boost libraries and their status?"
15652,"Edward Diener","2016-08-11 01:13:46","Re: [boost] [EXTERNAL] [graph] Sync develop with master?"
16099,"Andrey Semashev","2020-09-14 23:38:49","Re:  [preprocessor] Dropping support for compilers that do not implement variadic macros"
16671,degski,"2018-02-08 23:42:00","Re: [boost] C++03 / C++11 compatibility question for compiled libraries"
17181,"Alexander Grund","2018-08-27 19:09:37","Re: [boost] A possible date for dropping c++03 support"
17379,"Joaquin M LÃ³pez MuÃ±oz","2020-05-24 16:38:28","Re:  [epochs] Proposal for an epoch-based organization of Boost libraries"
17571,"Peter Dimov","2018-08-29 16:45:57","Re: [boost] Let's stop distributing binaries"
18565,degski,"2018-11-04 08:03:12","Re: [boost] [parameter] Go C++11 and above only, or keep C++03 support?"
18695,"Robert Kawulak","2011-10-12 05:55:50","Re: [boost] [c++1] BOOST_NOEXCEPT macros?"
19344,"Emil Dotchevski","2020-11-29 22:12:02","Re:  The new Boost 17.0.0"
19740,"André Draszik","2016-08-26 07:05:57","[boost] compiling boost using C++11 atomics"
19996,"Peter Dimov","2018-09-23 16:10:52","Re: [boost] Interest in Unicode library for Boost?"
20134,"Julien Blanc","2022-12-06 13:06:55","Re:  Revitalization"
20309,"Vicente J. Botet Escriba","2014-11-24 17:53:54","Re: [boost] List of C++ 11 only Boost libraries and their status?"
20844,"Bjorn Reese","2015-10-04 07:09:09","Re: [boost] boost.test regression or behavior change (was Re: Boost.lockfree)"
21183,degski,"2018-08-29 04:45:07","Re: [boost] c++03 library survey"
21330,"Andrey Semashev","2013-06-17 13:18:21","Re: [boost] [c++11]"
21508,"Robert Ramey","2018-02-17 18:55:59","Re: [boost] C++03 / C++11 compatibility question for compiled libraries"
21928,"Niall Douglas","2015-01-22 11:05:14","Re: [boost] transforming ex. boost lib into C++11-only lib?"
22354,"Andrey Semashev","2018-08-20 08:26:07","Re: [boost] ABI issues with -std"
22587,"Paul A. Bristow","2018-02-19 09:54:31","Re: [boost] C++03 / C++11 compatibility question for compiled libraries"
22648,"Robert Geiman","2004-03-11 10:33:59","Re: [boost] Boost 2 - development in long term"
22879,"Mike Dev","2018-08-28 11:37:06","[boost] c++03 library survey"
23633,"Mike Dev","2018-10-22 08:53:09","[boost] The future and present of Boost"
24390,"Peter Dimov","2018-02-08 23:22:14","Re: [boost] C++03 / C++11 compatibility question for compiled libraries"
24708,"Edward Diener","2020-11-29 23:40:56","Re:  The new Boost 17.0.0"
24828,"Russell Hind","2004-02-18 04:04:07","[boost] Re: 1.31.0 regressions"
25528,"Ion GaztaÃ±aga","2023-02-08 17:05:39","Re:  Dropping C++03 support (again)"
25662,,"2018-02-19 20:57:52","Re: [boost] C++03 / C++11 compatibility question for compiled libraries"
25730,"Gavin Lambert","2021-10-17 22:12:07","Re:  Opinions on introduction of string_view in Core"
25780,"Edward Diener","2016-06-02 19:35:45","Re: [boost] RFC : About forking a C++11 standard library and adapt it to C++98 compilers"
25843,"Stephen Kelly","2015-10-05 13:51:57","Re: [boost] boost.test regression or behavior change (was Re: Boost.lockfree)"
25917,"Edward Diener","2020-10-29 04:52:37","Re:  [1.75 release] Merging 'develop' to 'master' for Embarcadero fix"
25937,"Ion GaztaÃ±aga","2015-11-12 04:15:30","Re: [boost] Boost and auto_ptr (was Boost 1.60.0 beta 1...)"
26265,"Peter Dimov","2023-04-30 12:17:54","Re:  Boost.Compat"
26301,"Vinnie Falco","2020-03-06 18:11:59","Re:  C++ Deflate (zlib-like) library"
26415,"Dean Michael Berris","2011-11-25 06:21:52","Re: [boost] New libraries implementing C++11 features in C++03"
26420,,"2020-09-23 15:42:16","Re:  Proposal for adding C++ level to the meta/libraries.json"
26532,"Daniel James","2012-11-17 10:36:44","Re: [boost] Should the clang, c++11 and libstdc++ configuration supported?"
27374,,"2018-12-20 17:38:03","Re: [boost] New library proposal: Autodiff"
27386,"Edward Diener","2016-10-12 20:17:59","Re: [boost] Curiousity question"
27463,"Rene Rivera","2016-05-20 12:52:26","Re: [boost] [EXTERNAL] Request for a "Policy Review" regarding 'CMakeLists.txt'"
27637,"Emil Dotchevski","2020-11-28 21:41:07","Re:  The new Boost 17.0.0"
28148,degski,"2020-03-08 11:48:09","Re:  C++ Deflate (zlib-like) library"
28628,"Antony Polukhin","2020-12-01 21:39:12","Re:  The new Boost 17.0.0"
28792,"Mateusz Loskot","2018-08-29 07:27:52","Re: [boost] A possible date for dropping c++03 support"
28977,"Edward Diener","2020-12-30 17:34:57","Re:  C++11 on up Boost libraries"
29261,"Robert Ramey","2017-09-11 14:58:27","Re: [boost] C++17 detection"
29667,"Louis Dionne","2015-03-05 15:01:42","Re: [boost] [MPL lite or MPL 2] A modest proposal"
30373,"Hans Dembinski","2023-02-17 12:06:02","Re:  Dropping C++03 support (again)"
30510,"Paul A. Bristow","2014-11-25 05:41:17","Re: [boost] List of C++ 11 only Boost libraries and their status?"
30779,"Rob Stewart","2015-05-16 13:40:30","[boost] Deprecation Policy"
30796,"Mateusz Loskot","2020-10-26 15:39:23","Re:  [gil] Phasing out support C++11 and switching to C++17"
30818,"Richard Hodges","2018-11-04 10:00:20","Re: [boost] [parameter] Go C++11 and above only, or keep C++03 support?"
31975,"Edward Diener","2015-06-07 22:07:00","Re: [boost] [Config] Support for switching between std:: andboost:: equivalents."
31987,"Roland Bock","2012-05-03 03:27:10","Re: [boost] question about C++11 guidelines"
32083,"Gavin Lambert","2021-10-20 01:08:21","Re:  Opinions on introduction of string_view in Core"
32173,"Robert Ramey","2017-09-10 17:30:55","[boost] C++17 detection"
32231,"Edward Diener","2018-08-27 17:59:44","Re: [boost] A possible date for dropping c++03 support"
32278,"Stefan Seefeld","2019-11-07 22:18:28","Re:  Suggested policy for dropping C++03 support in Boost libraries"
32337,"Andrey Semashev","2023-02-05 10:39:55","Re:  Dropping C++03 support (again)"
32582,"Andrey Semashev","2018-08-29 08:46:18","Re: [boost] c++03 library survey"
33051,"John Maddock","2021-02-28 14:58:08","Re:  feature for C++ standards compliance"
33514,"Vicente J. Botet Escriba","2016-05-22 11:40:38","[boost] What C++14/1z standard or TS libraries would you like to have available on a C++11 compiler?"
33799,"Glen Fernandes","2022-05-06 11:24:53","Re:  Future of C++ and Boost"
33941,"Marshall Clow","2021-10-18 14:18:47","Re:  Opinions on introduction of string_view in Core"
34110,"Stefan Seefeld","2018-10-24 19:58:16","Re: [boost] Library devs only: Boost v2.x distro design questions"
34519,"Oliver Kowalke","2022-12-08 17:05:13","Re:  Revitalization"
34755,"Andrey Semashev","2017-12-03 13:00:43","Re: [boost] Policy for breaking changes"
34876,"Lorenzo Caminiti","2011-11-24 15:15:28","Re: [boost] New libraries implementing C++11 features in C++03"
35013,"Beman Dawes","2003-01-10 16:53:06","Re: Re: [boost] Re: Next revision of boost::thread"
35457,"Peter Dimov","2018-02-09 18:21:58","Re: [boost] C++03 / C++11 compatibility question for compiled libraries"
35532,"Olaf van der Spek","2018-08-20 08:49:49","Re: [boost] ABI issues with -std"
35539,"Jonathan Wakely","2014-05-21 09:04:51","Re: [boost] Foundational vs non-foundational libraries (was: Re: Thoughts on Boost v2)"
35719,"Niall Douglas","2023-02-23 14:27:55","Re:  Boost Libraries and Dropping C++ Language Support"
35776,"Ion GaztaÃ±aga","2023-02-17 21:03:13","Re:  Dropping C++03 support (again)"
36184,"Roger Leigh","2018-08-28 15:48:36","Re: [boost] A possible date for dropping c++03 support"
36926,"Edward Diener","2020-05-24 18:02:25","Re:  [epochs] Proposal for an epoch-based organization of Boost libraries"
38063,"Niall Douglas","2015-05-15 11:58:11","Re: [boost] Some statistics about the C++ 11/14 mandatory Boost libraries"
38099,"Robert Ramey","2017-01-31 11:48:17","Re: [boost] [container] ::flat_map function force_copy break strict-aliasing on gcc < 4.4"
38224,"Mike Dev","2018-08-26 16:19:09","[boost] A possible date for dropping c++03 support"
38262,"Rainer Deyke","2022-12-06 08:48:06","Re:  Revitalization"
38461,"Andrey Semashev","2021-10-18 01:00:37","Re:  Opinions on introduction of string_view in Core"
38761,"Andrey Semashev","2019-11-08 06:39:37","Re:  Suggested policy for dropping C++03 support in Boost libraries"
38885,"Thijs van den Berg","2014-11-28 05:21:37","Re: [boost] List of C++ 11 only Boost libraries and their status?"
39008,"Rene Rivera","2018-08-29 14:59:31","Re: [boost] c++03 library survey"
39069,"Edward Diener","2006-10-08 17:55:52","Re: [boost] Boost libraries after C++0x acceptance"
39075,"Edward Diener","2020-09-15 02:18:53","Re:  [preprocessor] Dropping support for compilers that do not implement variadic macros"
39370,"Jeff Garland","2020-11-29 15:50:08","Re:  The new Boost 17.0.0"
40231,"Niall Douglas","2022-05-06 08:36:10","Re:  Future of C++ and Boost"
40285,"Lorenzo Caminiti","2016-06-15 17:26:11","Re: [boost] [contract] Without the macros"
40673,"Dave Abrahams","2012-05-05 08:04:30","Re: [boost] question about C++11 guidelines"
40763,"Olaf van der Spek","2018-02-18 13:29:36","Re: [boost] C++03 / C++11 compatibility question for compiled libraries"
40772,"Edward Diener","2018-08-25 23:06:42","Re: [boost] A possible date for dropping c++03 support"
41141,"Simon Atanasyan","2006-11-28 14:10:58","Re: [boost] New getting started guide"
41937,"Mateusz Loskot","2020-09-22 11:03:01","Re:  Proposal for adding C++ level to the meta/libraries.json"
42267,AlisdairM,"2006-01-31 03:36:08","Re: [boost] [Release 1.34] Supported Compilers"
42493,"Pavel Vozenilek","2006-02-01 02:57:33","Re: [boost] [Release 1.34] Supported Compilers"
42618,"Peter Dimov","2021-10-18 01:10:05","Re:  Opinions on introduction of string_view in Core"
42747,"Peter Dimov","2017-07-17 15:20:10","Re: [boost] [review][mp11] Formal review of Mp11"
42972,Mike,"2020-03-24 18:01:17","boost [math] excessive warnings via [lexical_cast] from [date_time] (and others) for clang 3.4?"
43182,Mike,"2020-10-26 10:17:13","[gil] Phasing out support C++11 and switching to C++17"
43380,"Olaf van der Spek","2018-08-28 11:37:06","Re: [boost] A possible date for dropping c++03 support"
43436,"Niall Douglas","2013-10-31 14:09:53","Re: [boost] A bike shed (any colour will do) on greener grass..."
43844,"John Maddock","2022-08-13 08:12:37","Re:  additional math-functions"
43926,"Hans Dembinski","2023-02-06 09:29:52","Re:  Dropping C++03 support (again)"
43954,"Mike Dev","2018-10-24 19:10:02","Re: [boost] The future and present of Boost"
44321,"Gavin Lambert","2018-08-28 05:34:22","Re: [boost] A possible date for dropping c++03 support"
44494,"Sergey Cheban","2012-12-01 06:59:04","Re: [boost] Changes to VS 2012 config"
44921,"Ville Voutilainen","2020-11-27 15:09:49","Re:  The new Boost 17.0.0"
45026,degski,"2018-02-09 17:34:22","Re: [boost] C++03 / C++11 compatibility question for compiled libraries"
45352,"Glen Fernandes","2020-04-24 03:18:50","Re:  [release] Boost 1.73.0 Release Candidate 1"
46136,"JeanHeyd Meneide","2019-09-12 15:11:14","Re:  [container] static_string ?"
46451,"Edward Diener","2018-10-24 23:37:13","Re: [boost] The future and present of Boost"
46511,"Peter Dimov","2015-06-07 06:41:32","Re: [boost] [Config] Support for switching between std::andboost::equivalents."
46710,"Peter Dimov","2023-04-27 15:16:21",Boost.Compat
46999,"Edward Diener","2018-02-11 19:36:20","Re: [boost] C++03 / C++11 compatibility question for compiled libraries"
47325,"Robert Ramey","2017-05-21 16:55:04","Re: [boost] std::auto_ptr in public interfaces"
47354,"Edward Diener","2018-11-04 03:44:15","Re: [boost] [parameter] Go C++11 and above only, or keep C++03 support?"
47474,"Lars Viklund","2012-06-30 17:19:26","Re: [boost] [1.51][Release] Short release cycle"
47698,"Andrey Semashev","2022-12-06 20:37:17","Re:  Revitalization"
48192,"Edward Diener","2018-08-28 00:10:02","Re: [boost] A possible date for dropping c++03 support"
48859,"Martin Bonner","2005-08-16 08:55:11","Re: [boost] boost dll versions"
49636,"Andrey Semashev","2016-05-23 08:03:58","Re: [boost] Boost is supposed to serve *the entire C++ community; it isn't Boost's goal to serve Boost's community*"
49926,"Kolya Kosenko","2017-09-28 14:25:07","Re: [boost] [ANN] Boost.UI - a new C++ GUI library"
49932,"Peter Dimov","2020-10-27 17:02:39","Re:  [gil] Phasing out support C++11 and switching to C++17"
50237,"Paul A. Bristow","2018-08-26 14:07:23","Re: [boost] A possible date for dropping c++03 support"
50755,"Edward Diener","2020-09-22 16:16:20","Re:  Proposal for adding C++ level to the meta/libraries.json"
51017,"Jeff Garland","2011-08-21 18:12:31","Re: [boost] The Lonely Song of the MPL Maintainer -- or Boost support for antediluvian compiler and the future supprot of C++11"
51285,"Peter Dimov","2018-10-25 02:12:08","Re: [boost] The future and present of Boost"
51483,"Rainer Deyke","2022-12-06 18:35:45","Re:  Revitalization"
51556,"Vinnie Falco","2022-06-10 21:07:01","Re:  Any objections to making C++14 the current baseline for Boost support and testing?"
51604,"Deniz Bahadir","2018-10-24 18:12:24","Re: [boost] The future and present of Boost"
52257,"Daniel James","2012-11-17 07:43:53","Re: [boost] Should the clang, c++11 and libstdc++ configuration supported?"
52918,"Edward Diener","2018-02-08 14:03:18","Re: [boost] C++03 / C++11 compatibility question for compiled libraries"
53052,"Edward Diener","2015-06-07 11:53:35","Re: [boost] [Config] Support for switching between std::andboost::equivalents."
53095,"Mikael Persson","2014-10-07 16:55:59","Re: [boost] Update on status of C++ 11 only Boost fork/modular distro"
53911,"Edward Diener","2018-02-09 20:48:22","Re: [boost] C++03 / C++11 compatibility question for compiled libraries"
53996,"Richard Hodges","2021-02-19 14:53:49","Re:  [boost-ext] Looking for Review Manager/s"
54166,"Hartmut Kaiser","2013-06-17 11:55:32","Re: [boost] [c++11]"
54796,"Emil Dotchevski","2020-12-30 05:09:19","Re:  C++11 on up Boost libraries"
54897,"Lars Viklund","2012-10-19 23:46:05","Re: [boost] Boost.Test updates in trunk: need for (mini) review?"
55068,"Marshall Clow","2013-10-31 13:40:11","Re: [boost] A bike shed (any colour will do) on greener grass..."
55157,"Andrey Semashev","2023-02-06 13:59:54","Re:  Dropping C++03 support (again)"
55238,"Christopher Jefferson","2011-11-10 18:37:46","Re: [boost] Are some of the trunk regression tests running in C++0x mode when they shouldn't be?"
55508,degski,"2020-03-26 10:16:06","Re:  [nowide] Switching to C++11 after 1.73 release"
55515,"Peter Dimov","2014-05-21 08:45:22","Re: [boost] Foundational vs non-foundational libraries (was: Re: Thoughts on Boost v2)"
55611,"Simonson, Lucanus J","2011-07-26 13:07:36","Re: [boost] [Lockfree review] Meta-comments"
55795,"Vinnie Falco","2022-06-10 15:44:53","Re:  [Boost-users] Any objections to making C++14 the current baseline for Boost support and testing?"
55914,"Niall Douglas","2013-10-18 11:07:35","Re: [boost] [modularization] Modularizing Boost (modularization)"
56363,"Niall Douglas","2017-06-02 21:54:08","Re: [boost] [outcome] To variant, or not to variant?"
56564,"Mike Dev","2018-08-28 03:55:53","[boost] A possible date for dropping c++03 support"
57437,"Mathias Gaunard","2013-05-13 19:45:26","Re: [boost] C++03 and C++11 ABI compatibility for compiled libraries"
57650,"Glen Fernandes","2018-08-27 15:17:24","Re: [boost] A possible date for dropping c++03 support"
57666,"Edward Diener","2015-06-05 19:44:03","Re: [boost] [Config] Support for switching between std:: andboost:: equivalents."
57780,"Mathias Gaunard","2012-11-17 15:31:03","Re: [boost] Should the clang, c++11 and libstdc++ configuration supported?"
58569,"Peter Dimov","2018-11-03 16:13:24","Re: [boost] [parameter] Go C++11 and above only, or keep C++03 support?"
58796,"paul Fultz","2016-03-15 04:52:52","Re: [boost] [Boost-users] [Fit] About supported C++ version"
58937,"Mathias Gaunard","2022-08-18 06:23:38","Re:  bug - boost::math::ccmath::copysign not work"
59551,"Alexander Grund","2019-08-09 06:48:26","Re:  Potential project: Resolving boost::chrono conflicts with std::chrono"
59853,"Edward Diener","2018-10-01 15:46:00","Re: [boost] [container][interprocess][intrusive][move] Removing support for old compilers"
59861,"Niall Douglas","2014-11-24 16:00:04","Re: [boost] List of C++ 11 only Boost libraries and their status?"
60112,"Jody Hagins","2005-08-16 01:44:38","Re: [boost] boost dll versions"
60213,"Alexander Grund","2021-03-11 09:23:26","Re:  [Boost] [Describe] Review"
60324,"Robert Ramey","2019-11-08 02:47:47","Re:  Suggested policy for dropping C++03 support in Boost libraries"
60462,"Jeff Garland","2020-08-11 14:07:44","Re:  std::auto_ptr deprecation (Was: [release] Boost 1.74.0 Release Candidate 1)"
60627,"Robert Ramey","2012-07-03 12:49:46","Re: [boost] [1.51][Release] Short release cycle"
60829,"Niall Douglas","2013-06-17 12:25:06","Re: [boost] [c++11]"
60935,"Thomas Trummer","2015-05-14 05:30:12","Re: [boost] Some statistics about the C++ 11/14 mandatory Boost libraries"
61031,"Marshall Clow","2019-08-10 02:10:40","Re:  [release] Boost 1.71.0 Release Candidate 1"
61361,"Edward Diener","2020-05-25 19:32:59","Re:  [epochs] Proposal for an epoch-based organization of Boost libraries"
61373,"Alexander Grund","2020-09-22 10:22:01","Re:  Proposal for adding C++ level to the meta/libraries.json"
61472,"Andrzej Krzemienski","2023-02-05 21:04:15","Re:  Dropping C++03 support (again)"
61868,"Thijs van den Berg","2015-01-22 09:36:34","Re: [boost] transforming ex. boost lib into C++11-only lib?"
62476,"Glen Fernandes","2021-10-18 12:59:24","Re:  Opinions on introduction of string_view in Core"
62594,"Edward Diener","2018-10-24 20:50:24","Re: [boost] The future and present of Boost"
62810,"Richard Hodges","2021-02-18 20:01:04","Re:  [boost-ext] Looking for Review Manager/s"
63135,"Rob Stewart","2018-02-14 13:13:20","Re: [boost] C++03 / C++11 compatibility question for compiled libraries"
63211,"Edward Diener","2018-08-30 14:54:27","Re: [boost] A possible date for dropping c++03 support"
63711,"Mateusz Loskot","2022-05-05 19:26:45","Re:  Future of C++ and Boost"
63719,"Mike Dev","2018-08-26 02:42:48","[boost] A possible date for dropping c++03 support"
63917,"Andrey Semashev","2022-02-02 22:02:46","Re:  boost::throw_exception potential changes"
64057,"Gero Peterhoff","2022-08-10 20:17:53","Re:  additional math-functions"
65214,"Mateusz Loskot","2023-02-05 23:32:57","Re:  R: Review of mustache starts today."
65819,,"2020-11-28 12:28:16","Re:  The new Boost 17.0.0"
65827,"Peter Dimov","2020-12-02 21:34:17","Re:  The new Boost 17.0.0"
65866,"Olaf van der Spek","2018-02-19 18:28:04","Re: [boost] C++03 / C++11 compatibility question for compiled libraries"
65898,"Christopher Kormanyos","2022-05-08 09:31:19","Re:  Any objections to making C++14 the current baseline for Boost support and testing?"
66575,"Marshall Clow","2019-08-10 14:35:08","Re:  [release] Boost 1.71.0 Release Candidate 1"
66930,"Robert Ramey","2022-05-11 22:19:48","Re:  Future of C++ and Boost"
67109,"Mateusz Loskot","2020-10-27 09:07:19","Re:  [gil] Phasing out support C++11 and switching to C++17"
67289,"Ion GaztaÃ±aga","2010-04-30 00:47:02","Re: [boost] [Interprocess] Compile error with VC10"
67765,"Jonathan Wakely","2020-08-21 11:27:19","Re:  std::auto_ptr deprecation (Was: [release] Boost 1.74.0 Release Candidate 1)"
67975,"Antony Polukhin","2020-12-01 20:23:27","Re:  The new Boost 17.0.0"
68110,"Mike Dev","2018-10-24 13:45:52","[boost] The future and present of Boost"
68335,"Stephan T. Lavavej","2016-11-07 13:07:30","Re: [boost] Visual Studio 2015 Update 3 has removedstd::unary_functionand std::binary_function"
68459,"Vinnie Falco","2018-02-17 17:50:23","Re: [boost] C++03 / C++11 compatibility question for compiled libraries"
68910,"John Maddock","2011-08-14 11:50:25","Re: [boost] The Lonely Song of the MPL Maintainer -- or Boost support for antediluvian compiler and the future supprot of C++11"
68988,"Olaf van der Spek","2012-11-05 07:16:25","Re: [boost] C++ announcements coming tomorrow"
69131,"Edward Diener","2018-10-24 22:05:38","Re: [boost] The future and present of Boost"
69809,degski,"2018-02-11 22:16:34","Re: [boost] C++03 / C++11 compatibility question for compiled libraries"
69839,"Mateusz Loskot","2020-10-26 18:58:58","Re:  [gil] Phasing out support C++11 and switching to C++17"
69993,"Peter Dimov","2022-12-06 16:55:55","Re:  Revitalization"
70173,"Vinnie Falco","2021-10-18 02:21:46","Re:  Opinions on introduction of string_view in Core"
70409,"Robert Ramey","2011-11-23 15:37:55","Re: [boost] What is boost: was New libraries implementing C++11 features in C++03"
70802,"Edward Diener","2016-06-04 08:55:00","Re: [boost] Cxx dual library"
70837,"Peter Dimov","2015-02-28 08:04:08","Re: [boost] sun toolset buggy and outdated?"
71018,"Peter Dimov","2023-05-18 22:05:29","Re:  Boost.Compat"
71178,"Glen Fernandes","2023-02-04 13:26:42","Re:  Dropping C++03 support (again)"
71300,"Paul A. Bristow","2015-10-04 05:35:10","Re: [boost] boost.test regression or behavior change (was Re:	Boost.lockfree)"
71788,"Julien Blanc","2021-10-19 07:54:25","Re:  Opinions on introduction of string_view in Core"
72050,"James E. King III","2018-08-29 03:53:14","Re: [boost] c++03 library survey"
72270,"Vinnie Falco","2023-05-19 16:02:03","Re:  Boost.Compat"
72699,"Vinnie Falco","2023-02-17 18:29:59","Re:  Dropping C++03 support (again)"
72850,"Andrey Semashev","2018-11-03 14:17:36","Re: [boost] [parameter] Go C++11 and above only, or keep C++03 support?"
72979,"Jonathan Wakely","2013-06-17 11:47:27","Re: [boost] [c++11]"
73400,"Hans Dembinski","2020-09-23 07:53:24","Re:  Proposal for adding C++ level to the meta/libraries.json"
73432,degski,"2018-02-11 23:46:59","Re: [boost] C++03 / C++11 compatibility question for compiled libraries"
73521,"Ion GaztaÃ±aga","2018-10-01 19:41:49","Re: [boost] [container][interprocess][intrusive][move] Removing support for old compilers"
73843,"Andrey Semashev","2021-10-18 11:11:38","Re:  Opinions on introduction of string_view in Core"
73876,"Robert Ramey","2023-02-05 23:46:43","Re:  Dropping C++03 support (again)"
74248,"Peter Dimov","2018-10-24 21:21:13","Re: [boost] The future and present of Boost"
74664,"Edward Diener","2020-12-01 21:21:52","Re:  The new Boost 17.0.0"
74731,"Robert Ramey","2018-02-18 20:44:38","Re: [boost] C++03 / C++11 compatibility question for compiled libraries"
74923,"Daryle Walker","2013-08-03 22:26:38","Re: [boost] unique_ptr for C++03"
75142,"Siddhartha Sen","2019-02-22 13:58:05","Re: [boost] Graph Algorithms"
75676,"Andrey Semashev","2018-08-28 14:04:00","Re: [boost] c++03 library survey"
75999,"Beman Dawes","2011-09-13 15:33:01","Re: [boost] [C++11 Feature List]"
76763,"Glen Fernandes","2023-04-28 14:10:55","Re:  Boost.Compat"
77080,"Oswin Krause","2016-10-13 11:47:39","Re: [boost] Curiousity question"
77376,"Mike Dev","2018-08-28 10:29:06","Re: [boost] A possible date for dropping c++03 support"
77496,"Olaf van der Spek","2018-02-21 10:52:15","Re: [boost] C++03 / C++11 compatibility question for compiled libraries"
77517,"Glen Fernandes","2022-06-04 21:44:06","Re:  Boost.URL -- some notes"
77672,"Edward Diener","2011-08-21 19:48:31","Re: [boost] The Lonely Song of the MPL Maintainer -- or Boost support for antediluvian compiler and the future supprot of C++11"
77825,"Vicente J. Botet Escriba","2014-11-28 12:24:38","Re: [boost] List of C++ 11 only Boost libraries and their status?"
78077,"Edward Diener","2020-11-28 17:32:22","Re:  The new Boost 17.0.0"
78501,"Peter Dimov","2021-10-17 22:33:13","Re:  Opinions on introduction of string_view in Core"
78688,"Russell Hind","2004-03-11 12:09:45","[boost] Re: Boost 2 - development in long term"
78690,"Robert Ramey","2018-02-19 19:22:27","Re: [boost] C++03 / C++11 compatibility question for compiled libraries"
79491,"Vinnie Falco","2021-07-19 00:16:38","Re:  boost still supports C++03?"
80140,"Edward Diener","2018-02-17 18:42:57","Re: [boost] C++03 / C++11 compatibility question for compiled libraries"
80442,"Andrey Semashev","2018-08-28 14:46:02","Re: [boost] c++03 library survey"
80464,"Robert Ramey","2023-02-18 21:34:55","Re:  Dropping C++03 support (again)"
80548,"Rene Rivera","2016-08-10 16:44:21","Re: [boost] [EXTERNAL] [graph] Sync develop with master?"
80705,"Vicente J. Botet Escriba","2012-11-18 04:39:11","Re: [boost] Should the clang, c++11 and libstdc++ configuration supported?"
80900,"Edward Diener","2016-11-06 21:46:27","[boost] [config] std::shuffle support"
81255,"Thomas Heller","2013-06-18 16:04:00","Re: [boost] [c++11]"
81773,"Rainer Deyke","2019-11-08 11:44:31","Re:  Suggested policy for dropping C++03 support in Boost libraries"
82273,"Peter Dimov","2021-10-18 01:26:34","Re:  Opinions on introduction of string_view in Core"
82487,"Peter Dimov","2015-01-05 16:03:03","Re: [boost] Library list generated from meta/libraries.json files"
83502,"Daniela Engert","2017-05-21 06:06:12","Re: [boost] std::auto_ptr in public interfaces"
83667,degski,"2018-02-08 19:17:44","Re: [boost] C++03 / C++11 compatibility question for compiled libraries"
83814,"James E. King III","2022-05-05 16:36:49","Re:  Future of C++ and Boost"
83966,"Vinnie Falco","2021-10-20 02:50:06","Re:  Opinions on introduction of string_view in Core"
84087,"Glen Fernandes","2020-11-29 22:03:53","Re:  The new Boost 17.0.0"
84089,"Andrey Semashev","2022-02-02 19:34:11","Re:  boost::throw_exception potential changes"
84299,"Edward Diener","2014-06-08 17:45:51","Re: [boost] Guidelines to implement Boost library evolution policy (was Boost 2.0)"
84683,"Gavin Lambert","2021-10-20 23:22:40","Re:  Opinions on introduction of string_view in Core"
84817,"Peter Dimov","2022-12-06 23:33:59","Re:  Revitalization"
85216,"Pete Bartlett","2018-02-19 08:48:32","Re: [boost] C++03 / C++11 compatibility question for compiled libraries"
85390,"Jeff Garland","2023-02-17 15:38:05","Re:  Dropping C++03 support (again)"
85525,"Peter Dimov","2018-02-08 23:36:32","Re: [boost] C++03 / C++11 compatibility question for compiled libraries"
85776,"Rob Stewart","2015-04-03 21:09:17","Re: [boost] Another variant type (was: [peer review queue tardiness] [was Cleaning out the Boost review queue] Review Queue member requirements)"
86096,"Edward Diener","2016-10-13 12:18:00","Re: [boost] Curiousity question"
86755,"Vinnie Falco","2022-07-24 17:08:56","C++11 or C++14?"
86881,"Eric Niebler","2012-12-18 23:47:50","Re: [boost] [smart_ptr] error with nullptr_t"
86915,"Sohail Somani","2014-05-16 14:07:36","Re: [boost] Thoughts on Boost v2"
87064,"Fletcher, John P","2014-12-30 07:31:42","[boost] Define to test for deprecated std::auto_ptr"
87128,"Gavin Lambert","2023-05-17 02:11:45","Re:  Boost.Compat"
87305,"Edward Diener","2020-12-31 01:27:33","Re:  C++11 on up Boost libraries"
87891,"Andrey Semashev","2020-11-29 23:35:18","Re:  The new Boost 17.0.0"
88201,"Arvid Norberg","2018-08-27 19:51:00","Re: [boost] A possible date for dropping c++03 support"
88628,"Emil Dotchevski","2020-11-28 21:35:53","Re:  The new Boost 17.0.0"
88690,"Marshall Clow","2011-12-05 10:56:20","[boost] Boost.Algorithms organization question"
88789,"Rob Stewart","2018-02-20 11:37:53","Re: [boost] C++03 / C++11 compatibility question for compiled libraries"
89144,"Glen Fernandes","2020-12-02 14:28:00","Re:  The new Boost 17.0.0"
89541,"Robert Ramey","2018-08-29 14:55:39","Re: [boost] A possible date for dropping c++03 support"
89953,pfultz2,"2014-03-20 09:48:14","Re: [boost] [mpl] Merging 'develop' to 'master'"
90107,"Viktor Kirilov","2015-05-14 12:29:55","Re: [boost] Some statistics about the C++ 11/14 mandatory Boost libraries"
90337,"Andrzej Krzemienski","2023-05-11 16:29:01","Re:  charconv for C++11"
91092,"Paul A. Bristow","2018-02-09 16:15:58","Re: [boost] C++03 / C++11 compatibility question for compiled libraries"
91121,"Peter Dimov","2018-08-20 00:42:27","Re: [boost] ABI issues with -std"
91389,"Andrey Semashev","2017-05-20 16:48:37","Re: [boost] std::auto_ptr in public interfaces"
91497,"Andrey Semashev","2018-11-04 09:35:07","Re: [boost] [parameter] Go C++11 and above only, or keep C++03 support?"
92024,"Vinnie Falco","2018-02-18 02:34:05","Re: [boost] C++03 / C++11 compatibility question for compiled libraries"
92216,"Peter Dimov","2020-12-02 22:57:25","Re:  The new Boost 17.0.0"
93080,"Andrew Ho","2013-04-26 16:43:36","Re: [boost] [operators] v2 test code"
93355,"Edward Diener","2018-08-26 18:33:27","Re: [boost] A possible date for dropping c++03 support"
93380,"Martin Bonner","2006-01-31 05:50:17","Re: [boost] [Release 1.34] Supported Compilers"
93443,"Paul A. Bristow","2014-01-14 05:22:07","Re: [boost] [Removing support for old compilers]"
93484,degski,"2019-02-22 14:50:59","Re: [boost] Graph Algorithms"
93655,"Mathias Gaunard","2017-03-23 11:59:05","Re: [boost] Constructing string_ref from rvalue string"
93791,"Dominique Devienne","2020-11-27 14:04:50","Re:  The new Boost 17.0.0"
93939,Mike,"2018-02-19 09:51:10","[boost] C++03 / C++11 compatibility question for compiled libraries"
94011,,"2023-02-16 20:56:51","Re:  R: Review of mustache starts today."
94080,"Robert Ramey","2023-02-06 00:18:00","Re:  Dropping C++03 support (again)"
94122,"Rob Stewart","2019-11-08 13:12:50","Re:  Suggested policy for dropping C++03 support in Boost libraries"
94396,"Robert Ramey","2015-05-21 11:43:26","Re: [boost] Questions about upcoming review of Boost.AFIO"
94863,"Paul A. Bristow","2018-02-12 17:23:46","Re: [boost] C++03 / C++11 compatibility question for compiled libraries"
95120,"Raffi Enficiaud","2018-10-23 22:41:38","Re: [boost] The future and present of Boost"
95250,"Tim Blechmann","2012-11-17 10:27:39","Re: [boost] Should the clang, c++11 and libstdc++ configuration supported?"
95676,"Gennadiy Rozental","2015-10-05 15:53:16","Re: [boost] boost.test regression or behavior change (was Re: Boost.lockfree)"
95721,"David Abrahams","2004-03-11 15:19:08","[boost] Re: Boost 2 - development in long term"
96175,"Glen Fernandes","2018-08-27 17:31:50","Re: [boost] A possible date for dropping c++03 support"
96252,"Beman Dawes","2000-06-06 10:22:25","RE: [boost] Review Request: functional"
96553,"Robert Ramey","2018-10-24 19:58:19","Re: [boost] The future and present of Boost"
96743,Artyom,"2011-04-18 17:14:49","Re: [boost] [locale] Strange(?) result in example code"
97543,"Krzysztof Jusiak","2021-02-18 19:57:34","[boost-ext] Looking for Review Manager/s"
97602,"Niall Douglas","2014-05-30 06:03:52","Re: [boost] [modularization] proposal and poll"
98437,Mike,"2020-11-29 15:47:45","The new Boost 17.0.0"
98818,"Dominique Devienne","2019-09-12 14:56:20","Re:  [container] static_string ?"
98907,Proton,"2022-12-06 03:38:29","Re:  Revitalization"
99023,"Andrey Semashev","2019-11-07 22:10:37","Re:  Suggested policy for dropping C++03 support in Boost libraries"
99509,"Edward Diener","2016-10-13 10:09:55","Re: [boost] Curiousity question"
99724,"Peter Dimov","2021-02-28 14:47:36","Re:  feature for C++ standards compliance"
99754,"Niall Douglas","2015-05-13 16:29:42","Re: [boost] Some statistics about the C++ 11/14 mandatory Boost libraries"
99772,"Edward Diener","2015-06-07 12:22:49","Re: [boost] [Config] Support for switching between std:: andboost:: equivalents."
100064,"Jared Grubb","2018-02-09 18:08:57","Re: [boost] C++03 / C++11 compatibility question for compiled libraries"
100167,degski,"2018-08-28 15:40:14","Re: [boost] c++03 library survey"
100388,"Andrey Semashev","2018-08-30 17:48:16","Re: [boost] A possible date for dropping c++03 support"
101440,"Paul A. Bristow","2014-11-28 04:56:20","Re: [boost] List of C++ 11 only Boost libraries and their status?"
101765,"Olaf van der Spek","2018-08-28 11:19:01","Re: [boost] A possible date for dropping c++03 support"
102441,"Bruno Dutra","2015-03-05 13:43:58","Re: [boost] [MPL lite or MPL 2] A modest proposal"
102478,"Marshall Clow","2022-05-12 18:48:46","Re:  Future of C++ and Boost"
102534,"RenÃ© Ferdinand Rivera Morell","2022-12-06 20:50:11","Re:  Revitalization"
102583,"Jason Roehm","2014-11-26 14:08:01","Re: [boost] List of C++ 11 only Boost libraries and their status?"
103023,"Glen Fernandes","2018-02-18 13:17:13","Re: [boost] C++03 / C++11 compatibility question for compiled libraries"
103187,"Ion GaztaÃ±aga","2015-08-27 20:32:29","Re: [boost] Feature macro for putting things in the std namespace"
103998,"Peter Dimov","2023-02-05 18:02:34","Re:  Dropping C++03 support (again)"
104116,"Andrey Semashev","2013-06-17 13:17:59","Re: [boost] [c++11]"
104526,"John M. Dlugosz","2014-02-20 16:37:45","Re: [boost] [move] interest: the pass-by-value and swap idiom, and explicit copy constructors"
105184,degski,"2018-02-09 00:06:53","Re: [boost] C++03 / C++11 compatibility question for compiled libraries"
105568,"Andrey Semashev","2020-11-27 15:00:40","Re:  The new Boost 17.0.0"
105605,"Paul A. Bristow","2018-02-11 13:25:04","Re: [boost] C++03 / C++11 compatibility question for compiled libraries"
105677,"Glen Fernandes","2018-08-28 11:32:32","Re: [boost] A possible date for dropping c++03 support"
105821,"Glen Fernandes","2023-02-23 15:16:56","Re:  Boost Libraries and Dropping C++ Language Support"
106231,"Daniel James","2012-11-17 09:57:56","Re: [boost] Should the clang, c++11 and libstdc++ configuration supported?"
106530,"Antony Polukhin","2018-10-24 18:40:26","Re: [boost] The future and present of Boost"
106855,"Andrey Semashev","2017-07-06 08:05:35","Re: [boost] string_view versus string_ref"
106912,"Jeff Garland","2020-11-29 16:47:38","Re:  The new Boost 17.0.0"
107607,"Dave Abrahams","2011-11-10 19:17:38","Re: [boost] Are some of the trunk regression tests running in C++0x mode when they shouldn't be?"
107664,"Antony Polukhin","2013-04-30 04:00:40","Re: [boost] [GSoC 2013] Moving to Boost to Boost.Move"
107758,"Robert Ramey","2017-09-15 18:49:52","Re: [boost] [review][Fit] Review of Fit starts today : September 8 - September 17"
108241,"Robert Ramey","2022-12-06 20:37:11","Re:  Revitalization"
108429,"Edward Diener","2017-02-14 12:43:23","Re: [boost] Status of Visual Studio 2017 support"
109181,degski,"2018-08-28 17:21:39","Re: [boost] c++03 library survey"
109313,"Edward Diener","2020-05-25 00:38:41","Re:  [epochs] Proposal for an epoch-based organization of Boost libraries"
109512,"Andrey Semashev","2020-09-15 10:01:18","Re:  [preprocessor] Dropping support for compilers that do not implement variadic macros"
110654,"Mateusz Loskot","2019-11-08 11:38:49","Re:  Suggested policy for dropping C++03 support in Boost libraries"
110947,degski,"2018-02-08 19:36:00","Re: [boost] C++03 / C++11 compatibility question for compiled libraries"
111002,"Dave Abrahams","2011-10-12 10:04:26","Re: [boost] [c++1] BOOST_NOEXCEPT macros?"
111221,"Rob Stewart","2014-06-08 06:17:10","Re: [boost] Guidelines to implement Boost library evolution	policy	(was Boost 2.0)"
111348,"Andrey Semashev","2021-10-18 01:06:06","Re:  Opinions on introduction of string_view in Core"
111705,"Glen Fernandes","2018-08-30 18:28:55","Re: [boost] A possible date for dropping c++03 support"
112264,"Alan de Freitas","2022-06-10 18:17:04","Re:  Any objections to making C++14 the current baseline for Boost support and testing?"
112362,"Klaim - JoÃ«l Lamotte","2011-11-23 05:24:59","Re: [boost] New libraries implementing C++11 features in C++03"
112596,"Deniz Bahadir","2021-06-03 16:07:48","Re:  CMake minimum version to support"
112623,"Marcel Raad","2016-06-16 02:49:46","Re: [boost] enabling constexpr with Visual studio 2015 Update 3 (RC)"
112634,"Kostas Savvidis","2023-02-07 12:06:55","Re:  Dropping C++03 support (again)"
113229,"Peter Dimov","2018-08-26 13:02:01","Re: [boost] A possible date for dropping c++03 support"
113432,"Peter Dimov","2018-08-28 18:14:18","Re: [boost] A possible date for dropping c++03 support"
113555,"Vinnie Falco","2020-09-28 16:29:26","Re:  [FPR] Review of FPR starts Today: Sept 28 - Oct 7"
114212,"Vinnie Falco","2021-10-18 00:43:04","Re:  Opinions on introduction of string_view in Core"
114393,"Marshall Clow","2017-07-06 13:53:09","Re: [boost] string_view versus string_ref"
114755,"Peter Dimov","2023-05-10 17:42:35","Re:  charconv for C++11"
114769,¾G§B²[,"2013-07-09 00:45:00","Re: [boost] [function] Bind to std::function if supported?"
114983,"Pete bartlett","2014-11-24 14:03:23","Re: [boost] List of C++ 11 only Boost libraries and their status?"
114986,"VinÃcius dos Santos Oliveira","2015-05-14 17:58:59","Re: [boost] Some statistics about the C++ 11/14 mandatory Boost libraries"
115232,"Gennadiy Rozental","2015-10-04 02:53:30","Re: [boost] [test] Boost.test failures in develop"
115244,"Andrey Semashev","2020-10-03 11:15:19","Re:  new type traits"
115806,"Jeff Garland","2020-03-24 18:32:21","Re:  boost [math] excessive warnings via [lexical_cast] from [date_time] (and others) for clang 3.4?"
116790,degski,"2019-02-22 06:18:41","Re: [boost] BGL: Graph11"
116933,"John Maddock","2022-05-06 08:19:55","Any objections to making C++14 the current baseline for Boost support and testing?"
118120,"Edward Diener","2015-05-14 22:06:58","Re: [boost] Some statistics about the C++ 11/14 mandatory Boostlibraries"
118307,"Glen Fernandes","2020-11-27 16:54:41","Re:  The new Boost 17.0.0"
118337,"Glen Fernandes","2018-08-30 15:54:33","Re: [boost] A possible date for dropping c++03 support"
118617,"Akira Takahashi","2012-06-02 01:34:47","Re: [boost] Review Request : Boost.Range Extension"
118711,"Raffi Enficiaud","2019-11-25 20:31:44","Re:  Suggested policy for dropping C++03 support in Boost libraries"
118978,"Daniela Engert","2022-05-12 05:09:22","Re:  Boost MySQL Review Starts Today"
119010,"Edward Diener","2018-11-03 15:58:52","Re: [boost] [parameter] Go C++11 and above only, or keep C++03 support?"
119580,"Edward Diener","2020-12-30 04:23:01","C++11 on up Boost libraries"
119919,"Gennadiy Rozental","2011-11-10 18:30:42","Re: [boost] Are some of the trunk regression tests running in C++0x mode when they shouldn't be?"
120058,"Joaquin M LÃ³pez MuÃ±oz","2020-05-25 16:38:49","Re:  [epochs] Proposal for an epoch-based organization of Boost libraries"
120122,"Vicente J. Botet Escriba","2016-05-22 12:49:37","Re: [boost] What C++14/1z standard or TS libraries would you like to have available on a C++11 compiler?"
120309,"Mathias Gaunard","2012-11-17 15:23:06","Re: [boost] Should the clang, c++11 and libstdc++ configuration supported?"
120535,"Mike Dev","2018-08-30 18:07:17","[boost] A possible date for dropping c++03 support"
120734,"James E. King III","2022-05-06 00:08:44","Re:  Future of C++ and Boost"
121469,"Oliver Kowalke","2021-11-30 21:40:49","Re:  boost.spawn: review requested"
121678,"Mike Dev","2018-08-28 03:50:59","[boost] A possible date for dropping c++03 support"
122751,"Edward Diener","2018-02-09 20:26:31","Re: [boost] C++03 / C++11 compatibility question for compiled libraries"
123097,"Vinnie Falco","2021-10-18 00:57:24","Re:  Opinions on introduction of string_view in Core"
123193,"Gennadiy Rozental","2015-10-05 16:35:50","Re: [boost] [test] Boost.test failures in develop"
123286,,"2020-09-22 17:04:01","Re:  Proposal for adding C++ level to the meta/libraries.json"
123537,"Lorenzo Caminiti","2011-11-25 11:50:41","Re: [boost] New libraries implementing C++11 features in C++03"
123822,"Robert Ramey","2018-08-25 19:17:00","Re: [boost] A possible date for dropping c++03 support"
123843,"Alexander Grund","2020-12-16 07:51:29","Re:  Tagging the minimum C++ standard level for Boost libs"
124288,"Marc Glisse","2018-12-19 20:40:15","Re: [boost] New library proposal: Autodiff"
124540,"Andrey Semashev","2020-11-27 10:36:10","Re:  The new Boost 17.0.0"
124557,"Sid Sacek","2011-09-13 17:05:54","Re: [boost] [C++11 Feature List]"
125080,"Edward Diener","2015-06-06 15:30:54","Re: [boost] [Config] Support for switching between std:: and boost:: equivalents."
125154,Shams,"2006-10-08 01:25:29","[boost] Boost libraries after C++0x acceptance"
125602,"Thomas Trummer","2015-05-14 04:57:52","Re: [boost] Some statistics about the C++ 11/14 mandatory Boost libraries"
125613,"Peter Dimov","2023-02-06 16:14:52","Re:  Dropping C++03 support (again)"
125705,"Glen Fernandes","2014-08-25 14:16:27","Re: [boost] [move][unique_ptr] c++14 unique_ptr comes to town"
125729,Proton,"2022-08-18 02:24:51","Re:  bug - boost::math::ccmath::copysign not work"
126351,"Peter Dimov","2018-10-24 16:43:44","Re: [boost] The future and present of Boost"
126531,"Edward Diener","2020-10-27 16:53:38","Re:  [gil] Phasing out support C++11 and switching to C++17"
126840,"Jonathan Turkanis","2005-08-16 00:21:29","Re: [boost] boost dll versions"
126918,"Andrew Ho","2013-08-03 05:00:28","[boost] unique_ptr for C++03"
127017,"Vicente J. Botet Escriba","2016-06-03 02:03:01","Re: [boost] RFC : About forking a C++11 standard library and adapt it to C++98 compilers"
127066,"Glen Fernandes","2019-11-08 02:23:24","Re:  Suggested policy for dropping C++03 support in Boost libraries"
127088,"Belcourt, Kenneth","2012-06-29 15:24:06","Re: [boost] [EXTERNAL] Re:  [1.51][Release] Short release cycle"
127396,"Andrey Semashev","2013-05-13 08:08:31","[boost] C++03 and C++11 ABI compatibility for compiled libraries"
127516,"Dominique Devienne","2023-04-28 11:49:37","Re:  Boost.Compat"
127845,"Niall Douglas","2016-01-12 15:09:02","[boost] [gsoc16] Can I quickly check if the below really is the best approach?"
127868,"Andrey Semashev","2020-05-25 10:41:30","Re:  [epochs] Proposal for an epoch-based organization of Boost libraries"
128174,"Glen Fernandes","2021-10-16 18:27:08","Re:  Opinions on introduction of string_view in Core"
128489,"Raffi Enficiaud","2015-10-05 03:58:59","Re: [boost] boost.test regression or behavior change (was Re: Boost.lockfree)"
128516,"Edward Diener","2016-11-06 10:59:20","Re: [boost] Visual Studio 2015 Update 3 has removed std::unary_function and std::binary_function"
128549,"Alexander Grund","2022-10-18 07:01:46","Re:  Reminder: Oct 26, 1.81.0 closed for new libraries and breaking changes"
129198,"Adam Wulkiewicz","2015-10-05 17:50:26","Re: [boost] [test] Boost.test failures in develop"
129786,degski,"2018-02-08 23:09:58","Re: [boost] C++03 / C++11 compatibility question for compiled libraries"
129894,"Ion GaztaÃ±aga","2014-08-25 17:20:05","Re: [boost] [move][unique_ptr] c++14 unique_ptr comes to town"
129904,"John Maddock","2022-08-10 18:23:23","Re:  additional math-functions"
130230,"Glen Fernandes","2018-11-05 01:12:02","Re: [boost] [parameter] Go C++11 and above only, or keep C++03 support?"
131247,"Edward Diener","2016-05-22 15:19:58","Re: [boost] Boost 2.x - (Was Re: Boost is supposed to serve *the entire C++ community; it isn't Boost's goal to serve Boost's community*)"
131634,"Glen Fernandes","2019-08-12 11:29:43","Re:  Potential project: Resolving boost::chrono conflicts with std::chrono"
132057,"Peter Dimov","2022-12-06 16:52:36","Re:  Revitalization"
132097,"Peter Dimov","2021-10-19 01:33:10","Re:  Opinions on introduction of string_view in Core"
132653,"Andrey Semashev","2018-10-22 11:20:30","Re: [boost] The future and present of Boost"
133841,"Boris Rasin","2016-01-14 13:35:54","Re: [boost] Static constexpr map"
133865,"Edward Diener","2020-12-02 14:20:32","Re:  The new Boost 17.0.0"
134063,"Glen Fernandes","2023-02-05 23:10:42","Re:  R: Review of mustache starts today."
134259,"Jeff Garland","2020-08-11 13:41:54","Re:  [release] Boost 1.74.0 Release Candidate 1"
134346,"Andrey Semashev","2018-08-19 20:57:21","Re: [boost] ABI issues with -std"
134392,"Mike Dev","2018-08-28 12:55:48","[boost] A possible date for dropping c++03 support"
134601,"Peter Dimov","2023-02-08 16:47:24","Re:  Dropping C++03 support (again)"
135550,"Joel falcou","2011-08-14 10:57:14","Re: [boost] The Lonely Song of the MPL Maintainer -- or Boost support for antediluvian compiler and the future supprot of C++11"
136127,"Niall Douglas","2014-05-16 19:08:39","Re: [boost] Thoughts on Boost v2"
136893,"Edward Diener","2020-11-29 21:43:57","Re:  The new Boost 17.0.0"
137184,"Belcourt, Kenneth","2016-08-11 00:31:46","Re: [boost] [EXTERNAL]  [graph] Sync develop with master?"
137419,"Andrew Ho","2013-08-05 18:47:56","Re: [boost] Removing old config macro and increasing compiler requirements."
137595,"Sylvester-Bradley, Gareth","2016-10-13 11:17:33","Re: [boost] Curiousity question"
138135,"Vicente J. Botet Escriba","2014-08-25 17:57:06","Re: [boost] [move][unique_ptr] c++14 unique_ptr comes to town"
138298,"Edward Diener","2021-07-18 23:43:24","Re:  boost still supports C++03?"
138731,"Mike Dev","2018-11-05 13:05:39","Re: [boost] [parameter] Go C++11 and above only, or keep C++03 support?"
138739,"James E. King III","2018-08-29 03:29:07","Re: [boost] A possible date for dropping c++03 support"
138757,"Edward Diener","2020-11-28 16:57:03","Re:  The new Boost 17.0.0"
138926,"Edward Diener","2015-06-06 23:17:04","Re: [boost] [Config] Support for switching between std:: andboost::equivalents."
139503,"Jeff Garland","2001-10-04 11:06:18","RE: [boost] Links to Commercial Support for Boost?"
139628,"Michael Marcin","2013-06-17 11:39:10","Re: [boost] [c++11]"
140239,"Mateusz Loskot","2018-10-22 13:55:28","Re: [boost] [histogram] Finalising version for submission"
140391,"Peter Koch Larsen","2021-02-19 19:41:24","Re:  [boost-ext] Looking for Review Manager/s"
140552,"John Maddock","2006-02-02 14:17:05","Re: [boost] [test] VC6.5 no longer supported?"
141124,"Emil Dotchevski","2022-02-02 21:58:19","Re:  boost::throw_exception potential changes"
141146,"Gavin Lambert","2017-09-11 01:28:58","Re: [boost] C++17 detection"
141623,"Christopher Jefferson","2011-11-23 16:00:53","Re: [boost] New libraries implementing C++11 features in C++03"
141678,"Andrey Semashev","2013-10-14 12:57:17","Re: [boost] [Removing support for old compilers]"
141690,"Antony Polukhin","2020-12-01 21:12:32","Re:  The new Boost 17.0.0"
141716,"Emil Dotchevski","2020-07-05 02:29:41","Re:  [Boost][Outcome] Compile error?"
142265,"Spencer Collyer","2020-09-23 06:54:55","Re:  Proposal for adding C++ level to the meta/libraries.json"
142275,"Edward Diener","2018-02-11 23:01:16","Re: [boost] C++03 / C++11 compatibility question for compiled libraries"
142402,"Oliver Kowalke","2016-02-17 08:16:29","Re: [boost] remove cached feature checks"
142665,"Edward Diener","2020-05-25 13:18:16","Re:  [epochs] Proposal for an epoch-based organization of Boost libraries"
142695,"Karen Shaeffer","2015-11-11 13:18:47","Re: [boost] Boost and auto_ptr (was Boost 1.60.0 beta 1...)"
142754,"Nevin Liber","2018-02-09 21:25:13","Re: [boost] C++03 / C++11 compatibility question for compiled libraries"
142810,"Edward Diener","2020-12-30 15:04:25","Re:  C++11 on up Boost libraries"
142995,"Niall Douglas","2018-02-17 18:09:12","Re: [boost] C++03 / C++11 compatibility question for compiled libraries"
143095,"Niall Douglas","2013-06-14 12:21:38","Re: [boost] [c++11]"
143458,"Mathias Gaunard","2012-05-04 01:26:41","Re: [boost] question about C++11 guidelines"
143567,"Marshall Clow","2012-12-31 10:38:55","Re: [boost] Release managers: Boost.Thread breaking changes in 1.53"
143786,"Gavin Lambert","2022-12-06 23:25:59","Re:  Revitalization"
144630,"Vinnie Falco","2022-05-05 16:16:10","Re:  Future of C++ and Boost"
145046,"Edward Diener","2018-11-03 04:22:18","Re: [boost] [parameter] Go C++11 and above only, or keep C++03 support?"
145141,"Edward Diener","2017-07-30 22:05:09","Re: [boost] Boost tests with cmake"
145496,"Bjorn Reese","2021-10-20 22:19:32","Re:  Opinions on introduction of string_view in Core"
145958,Artyom,"2011-04-19 07:42:42","Re: [boost] [locale] Strange(?) result in example code"
146624,degski,"2018-02-09 16:59:05","Re: [boost] C++03 / C++11 compatibility question for compiled libraries"
146655,"Hans Dembinski","2018-09-26 08:57:05","Re: [boost] Formal Review of Proposed Boost.Histogram Library Starts TODAY"
146876,"Glen Fernandes","2023-02-06 00:05:49","Re:  Dropping C++03 support (again)"
147028,"Vicente J. Botet Escriba","2016-06-02 18:09:00","[boost] RFC : About forking a C++11 standard library and adapt it to C++98 compilers"
147255,"Peter Dimov","2022-02-02 18:52:33","Re:  boost::throw_exception potential changes"
148130,"Peter Dimov","2018-10-24 22:53:07","Re: [boost] The future and present of Boost"
148941,"Edward Diener","2015-10-05 19:55:46","Re: [boost] boost.test regression or behavior change (was Re: Boost.lockfree)"
149007,"Olaf van der Spek","2018-08-28 08:59:13","Re: [boost] A possible date for dropping c++03 support"
149060,"Peter Dimov","2021-10-18 01:22:08","Re:  Opinions on introduction of string_view in Core"
149096,peterkochlarsen,"2017-03-16 07:09:40","Re: [boost] [partly OT] Re: [review queue] What to do about the library review queue?"
149488,"Billy O'Neal","2016-05-16 15:19:39","[boost] Boost ICL tests attempting to pass non-bidirectional iterator to std::reverse_copy"
149579,"Paul A. Bristow","2018-10-26 11:03:22","Re: [boost] Library devs only: Boost v2.x distro design questions"
149637,"rajesh daggumati","2021-10-17 11:41:52","regarding boost::exception"
149646,"Richard Hodges","2018-02-11 20:32:33","Re: [boost] C++03 / C++11 compatibility question for compiled libraries"
150175,degski,"2018-02-08 23:30:08","Re: [boost] C++03 / C++11 compatibility question for compiled libraries"
150572,"Vinnie Falco","2021-10-20 02:45:56","Re:  Opinions on introduction of string_view in Core"
150659,"Edward Diener","2017-02-14 21:58:14","Re: [boost] Status of Visual Studio 2017 support"
150811,"Andrzej Krzemienski","2015-10-03 05:08:30","Re: [boost] Boost.test failures in develop"
151066,"Edward Diener","2016-05-21 12:09:28","Re: [boost] Boost is supposed to serve *the entire C++ community; it isn't Boost's goal to serve Boost's community*"
151122,"John Maddock","2013-06-15 04:15:38","Re: [boost] [c++11]"
151271,"Niall Douglas","2013-06-17 10:45:40","Re: [boost] [c++11]"
151377,"Vicente J. Botet Escriba","2016-05-22 17:21:02","Re: [boost] Boost 2.x - (Was Re: Boost is supposed to serve *the entire C++ community; it isn't Boost's goal to serve Boost's community*)"
151402,"Vicente J. Botet Escriba","2016-05-21 12:58:44","Re: [boost] Boost is supposed to serve *the entire C++ community; it isn't Boost's goal to serve Boost's community*"
151847,"Beman Dawes","2017-10-17 16:10:41","Re: [boost] [msvc] #warning preprocessor directive"
151988,"Douglas Paul Gregor","2002-08-20 09:04:19","Re: [boost] Re: Benefit/Complexity ratio in libraries [was MPLcontainersand  algorithms]"
152599,"David Sankel","2023-02-15 20:15:36","Re:  Dropping C++03 support (again)"
152758,"Edward Diener","2018-08-28 15:17:38","Re: [boost] A possible date for dropping c++03 support"
152763,"Gavin Lambert","2020-12-02 22:47:58","Re:  The new Boost 17.0.0"
152766,"James E. King, III","2017-10-14 16:39:06","Re: [boost] Recommend dropping test coverage on msvc-7.1 and msvc-8.0"
153203,"John Maddock","2015-03-27 06:39:46","Re: [boost] sun toolset buggy and outdated?"
153640,"Andrzej Krzemienski","2023-02-05 07:05:46","Re:  Dropping C++03 support (again)"
153657,"Glen Fernandes","2023-05-18 21:47:48","Re:  Boost.Compat"
153672,"Russell Hind","2004-02-18 09:39:40","[boost] Re: 1.31.0 regressions"
154380,"Edward Diener","2020-03-07 21:05:25","Re:  C++ Deflate (zlib-like) library"
154396,"Edward Diener","2018-02-11 22:11:29","Re: [boost] C++03 / C++11 compatibility question for compiled libraries"
154567,"Robert Ramey","2017-09-11 15:37:31","Re: [boost] C++17 detection"
154873,"BjÃ¸rn Roald","2018-08-30 21:59:05","Re: [boost] A possible date for dropping c++03 support"
154992,"Mike Dev","2018-08-29 16:40:08","[boost] c++03 library survey"
155303,"Andrew Ho","2013-07-09 14:49:58","Re: [boost] [function] Bind to std::function if supported?"
155917,"Andrey Semashev","2018-10-24 22:31:07","Re: [boost] Library devs only: Boost v2.x distro design questions"
156208,"Murray Cumming","2016-08-10 16:38:58","Re: [boost] [EXTERNAL]  [graph] Sync develop with master?"
156297,"Robert Ramey","2018-08-29 14:53:11","[boost] Let's stop distributing binaries"
156484,"Mike Dev","2018-08-30 17:21:20","[boost] A possible date for dropping c++03 support"
156519,Mike,"2020-11-29 23:10:25","The new Boost 17.0.0"
157011,"Robert Ramey","2015-05-21 11:43:26","Re: [boost] Questions about upcoming review of Boost.AFIO"
157043,AlisdairM,"2006-05-06 05:26:15","Re: [boost] Deprecation and Boost"
157051,"Matt Borland","2023-05-11 16:28:12","Re:  charconv for C++11"
157147,"Quentin Chateau","2018-12-19 21:13:28","Re: [boost] New library proposal: Autodiff"
157549,"David Abrahams","2005-08-16 08:19:21","Re: [boost] boost dll versions"
157624,"Niall Douglas","2015-06-07 05:39:52","Re: [boost] [Config] Support for switching between std:: and boost:: equivalents."
157810,"Niall Douglas","2015-05-13 17:03:52","Re: [boost] Some statistics about the C++ 11/14 mandatory Boost libraries"
158039,"Glen Fernandes","2020-11-27 13:44:50","Re:  The new Boost 17.0.0"
159544,"Vinnie Falco","2022-12-06 02:58:04","Re:  Revitalization"
159606,"Mike Dev","2018-08-30 12:02:43","[boost] A possible date for dropping c++03 support"
159744,"Robert Ramey","2018-10-22 01:33:08","Re: [boost] The future and present of Boost"
159952,"Jeffrey Lee Hellrung, Jr.","2011-11-22 12:27:11","[boost]  New libraries implementing C++11 features in C++03"
159967,"Dean Michael Berris","2011-11-23 17:52:10","Re: [boost] New libraries implementing C++11 features in C++03"
160108,"Niall Douglas","2015-05-14 12:10:34","Re: [boost] Some statistics about the C++ 11/14 mandatory Boost libraries"
160427,"Emil Dotchevski","2020-10-28 21:59:19","Re:  [1.75 release] Merging 'develop' to 'master' for Embarcadero fix"
160445,"Alexander Grund","2020-09-15 07:05:37","Re:  [preprocessor] Dropping support for compilers that do not implement variadic macros"
160527,"M.A. van den Berg","2016-05-21 15:06:53","Re: [boost] Boost is supposed to serve *the entire C++ community; it isn't Boost's goal to serve Boost's community*"
160687,"Daniel James","2013-06-14 15:06:03","Re: [boost] [c++11]"
161035,"Edward Diener","2018-08-29 15:12:52","Re: [boost] Let's stop distributing binaries"
161214,"Andrey Semashev","2013-10-31 14:13:47","Re: [boost] A bike shed (any colour will do) on greener grass..."
161404,"Niall Douglas","2017-03-13 12:36:00","Re: [boost] [gsoc17] Project1: Static map: Can I implement the competency test in g++-7?"
161750,"Tim Blechmann","2012-06-29 15:20:34","Re: [boost] [1.51][Release] Short release cycle"
162159,"Gavin Lambert","2020-11-29 23:17:36","Re:  The new Boost 17.0.0"
162781,"Bronek Kozicki","2004-02-18 03:29:07","[boost] Re: 1.31.0 regressions"
163113,"Edward Diener","2018-02-19 21:39:57","Re: [boost] C++03 / C++11 compatibility question for compiled libraries"
163292,"Robert Ramey","2022-12-06 20:41:40","Re:  Revitalization"
164115,degski,"2017-08-10 08:58:06","Re: [boost] Where we are 1.65.0"
165954,"Douglas Gregor","2006-11-22 11:37:08","[boost] C++0x and Boost"
166191,"Janek Kozicki","2020-11-27 14:32:22","Re:  The new Boost 2.0 C++20"
166903,"Hartmut Kaiser","2015-05-13 20:21:04","Re: [boost] Some statistics about the C++ 11/14 mandatory Boost	libraries"
166914,"Mateusz Loskot","2018-04-27 09:29:43","Re: [boost] [doc] Libraries Listed by C++ standard"
167028,"Edward Diener","2017-08-08 05:42:05","Re: [boost] Boost UUID Maintainer"
167061,"Peter Dimov","2018-08-27 16:29:42","Re: [boost] A possible date for dropping c++03 support"
167160,"Andrey Semashev","2016-10-13 10:00:06","Re: [boost] Curiousity question"
167660,"Boris Kolpackov","2023-02-06 09:37:10","Re:  Dropping C++03 support (again)"
168564,"Gavin Lambert","2018-02-20 00:37:08","Re: [boost] C++03 / C++11 compatibility question for compiled libraries"
168692,"Edward Diener","2020-05-27 08:32:39","Re:  [epochs] Proposal for an epoch-based organization of Boost libraries"
168824,"Darryl Green","2020-07-03 11:32:57","Re:  Boost.Beast state of play"
169027,"Vinnie Falco","2019-11-27 05:23:45","Re:  [FixedString] Deniz' review"
169522,"Robert Ramey","2012-05-03 02:30:06","Re: [boost] question about C++11 guidelines"
169779,"Peter Dimov","2018-02-08 23:58:16","Re: [boost] C++03 / C++11 compatibility question for compiled libraries"
171202,"Mike Dev","2018-08-26 16:27:15","Re: [boost] A possible date for dropping c++03 support"
171239,,"2019-11-08 10:46:15","Re:  Suggested policy for dropping C++03 support in Boost libraries"
171299,"Marshall Clow","2015-11-11 17:27:31","Re: [boost] Boost and auto_ptr (was Boost 1.60.0 beta 1...)"
171485,"Emil Dotchevski","2012-06-26 17:15:44","Re: [boost] Policy proposal: All user-visible exceptions should be thrown through BOOST_THROW_EXCEPTION"
171816,"Vinnie Falco","2016-10-12 19:09:46","Re: [boost] Curiousity question"
172683,"Mateusz Loskot","2023-02-05 17:58:07","Re:  Dropping C++03 support (again)"
172819,"Peter Dimov","2020-11-29 16:04:31","Re:  The new Boost 17.0.0"
173114,"Edward Diener","2018-08-27 18:27:36","Re: [boost] A possible date for dropping c++03 support"
173152,"Rob Stewart","2019-11-07 21:42:41","Re:  Suggested policy for dropping C++03 support in Boost libraries"
173201,"Steven Maitlall","2011-08-30 09:29:30","Re: [boost] The Lonely Song of the MPL Maintainer -- or Boost support for antediluvian compiler and the future supprot of C++11"
173861,"Peter Dimov","2023-05-11 22:59:42","Re:  charconv for C++11"
174126,degski,"2018-08-28 11:29:45","Re: [boost] A possible date for dropping c++03 support"
174196,"Andrew Ho","2013-07-08 14:34:24","[boost] [function] Bind to std::function if supported?"
174290,"Niall Douglas","2014-10-08 07:28:33","Re: [boost] Update on status of C++ 11 only Boost fork/modular distro"
174881,"Peter Dimov","2016-05-22 11:19:42","Re: [boost] Boost is supposed to serve *the entire C++ community; it isn't Boost's goal to serve Boost's community*"
175996,"Peter Dimov","2018-08-26 12:53:40","Re: [boost] A possible date for dropping c++03 support"
176416,"Steven Watanabe","2011-11-10 19:14:07","Re: [boost] Are some of the trunk regression tests running in C++0x mode when they shouldn't be?"
176514,"John Maddock","2020-12-02 18:17:24","Re:  The new Boost 17.0.0"
176518,"Vicente J. Botet Escriba","2016-03-15 03:59:04","[boost] [Fit] About supported C++ version"
176524,"Edward Diener","2017-09-28 15:20:39","Re: [boost] [ANN] Boost.UI - a new C++ GUI library"
176559,"Michael Marcin","2013-06-17 11:55:17","Re: [boost] [c++11]"
176957,"Jonathan Wakely","2014-05-21 08:30:21","Re: [boost] Foundational vs non-foundational libraries (was: Re: Thoughts on Boost v2)"
177457,,"2020-12-30 12:20:52","Re:  C++11 on up Boost libraries"
177485,"John Maddock","2022-05-06 08:10:07","Re:  Future of C++ and Boost"
177835,"Edward Diener","2010-03-24 22:27:47","Re: [boost] 5 Observations - My experience with the boost libraries"
177923,"Torrey Lyons","2011-12-19 16:52:15","[boost] Boost compatible with Clang C++11 dialect?"
178068,"Mike Dev","2018-08-27 14:56:35","[boost] A possible date for dropping c++03 support"
178078,"Peter Dimov","2018-02-08 14:20:18","Re: [boost] C++03 / C++11 compatibility question for compiled libraries"
178585,"Niall Douglas","2017-07-06 11:26:11","Re: [boost] string_view versus string_ref"
178799,"Glen Fernandes","2020-11-27 16:09:49","Re:  The new Boost 17.0.0"
179063,"Antony Polukhin","2013-04-27 03:05:02","Re: [boost] [GSoC 2013] Moving to Boost to Boost.Move"
179109,"Kostas Savvidis","2023-02-07 12:06:55","Re:  Dropping C++03 support (again)"
179559,"Edward Diener","2018-10-24 21:01:09","Re: [boost] Library devs only: Boost v2.x distro design questions"
179630,"Jeroen Habraken","2011-06-28 12:42:09","Re: [boost] Question about useful libraries"
180292,"Peter Dimov","2018-08-30 18:27:04","Re: [boost] A possible date for dropping c++03 support"
181039,"Niall Douglas","2018-10-24 18:30:51","Re: [boost] The future and present of Boost"
181622,"Robert Ramey","2019-11-08 05:37:18","Re:  Suggested policy for dropping C++03 support in Boost libraries"
181946,"Edward Diener","2015-06-06 16:54:22","Re: [boost] [Config] Support for switching between std:: and boost:: equivalents."
182406,"Vinnie Falco","2023-02-17 18:22:49","Re:  Dropping C++03 support (again)"
183244,Proton,"2022-08-21 21:25:20","Re:  bug - boost::math::ccmath::copysign not work"
183452,"Paul A. Bristow","2018-02-18 16:33:48","Re: [boost] C++03 / C++11 compatibility question for compiled libraries"
183650,"Dave Abrahams","2012-10-27 16:51:47","[boost] Relationship of Boost libraries to TR1 and C++11"
183846,"Peter Dimov","2021-10-31 13:05:44","Re:  boost::trim_copy(boost::string_view()); // error"
184126,"Edward Diener","2020-09-22 16:59:36","Re:  Proposal for adding C++ level to the meta/libraries.json"
184390,"Zachary Turner","2010-02-25 22:38:44","[boost] ptr_container move support"
184392,"Michael Shepanski","2014-07-15 21:27:07","Re: [boost] quince: queries in C++ expressions"
184460,"Mike Dev","2018-08-25 17:51:48","[boost] A possible date for dropping c++03 support"
184516,"Robert Ramey","2014-12-14 01:04:37","Re: [boost] List of C++ 11 only Boost libraries and their status?"
184801,"John Maddock","2018-12-19 20:33:38","Re: [boost] New library proposal: Autodiff"
185098,"Niall Douglas","2015-06-07 19:17:16","Re: [boost] [Config] Support for switching between std:: andboost:: equivalents."
185157,"Vicente J. Botet Escriba","2012-03-31 08:48:05","Re: [boost] [container][memory] Request to move allocator_arg_t and uses_allocator to a memory related file."
185164,"Antony Polukhin","2020-11-27 10:34:43","Re:  The new Boost 17.0.0"
185236,"Robert Ramey","2019-11-08 00:16:20","Re:  Suggested policy for dropping C++03 support in Boost libraries"
185400,"Andrey Semashev","2021-12-01 12:10:39","Re:  boost.spawn: review requested"
185529,"Ben Pope","2015-01-22 10:37:19","Re: [boost] transforming ex. boost lib into C++11-only lib?"
185591,"Vinnie Falco","2023-02-17 17:49:36","Re:  Dropping C++03 support (again)"
185670,"M.A. van den Berg","2014-11-24 15:36:32","Re: [boost] List of C++ 11 only Boost libraries and their status?"
186117,"David Abrahams","2006-02-05 12:58:29","Re: [boost] [test] VC6.5 no longer supported?"
186206,"Matt Borland","2021-02-28 11:00:03","Re:  feature for C++ standards compliance"
186320,"Hans Dembinski","2020-09-23 09:29:18","Re:  Proposal for adding C++ level to the meta/libraries.json"
186452,degski,"2018-08-28 11:17:44","Re: [boost] A possible date for dropping c++03 support"
186517,,"2020-09-22 08:42:06","Re:  Proposal for adding C++ level to the meta/libraries.json"
186685,"Edward Diener","2016-10-13 10:33:21","Re: [boost] Curiousity question"
186713,"Edward Diener","2016-05-22 12:19:49","Re: [boost] What C++14/1z standard or TS libraries would you like to have available on a C++11 compiler?"
186743,"Vicente J. Botet Escriba","2013-05-13 18:23:36","Re: [boost] C++03 and C++11 ABI compatibility for compiled libraries"
187049,"Groke, Paul","2018-02-19 18:10:58","Re: [boost] C++03 / C++11 compatibility question for compiled libraries"
187163,"Nevin Liber","2012-07-01 01:43:10","Re: [boost] [1.51][Release] Short release cycle"
187301,"Olaf van der Spek","2018-08-29 16:07:18","Re: [boost] Let's stop distributing binaries"
187328,"Mateusz Loskot","2020-10-27 12:35:49","Re:  [gil] Phasing out support C++11 and switching to C++17"
187329,"Peter Dimov","2021-10-18 00:49:47","Re:  Opinions on introduction of string_view in Core"
187692,"Hartmut Kaiser","2015-05-13 15:13:27","Re: [boost] Some statistics about the C++ 11/14 mandatory Boost	libraries"
187789,"John Maddock","2018-11-03 17:07:23","Re: [boost] [parameter] Go C++11 and above only, or keep C++03 support?"
188326,"Boris Kolpackov","2023-02-06 15:54:08","Re:  Dropping C++03 support (again)"
188781,"Mike Dev","2018-10-24 16:19:56","[boost] The future and present of Boost"
188973,"Vinnie Falco","2022-06-10 17:51:20","Re:  Any objections to making C++14 the current baseline for Boost support and testing?"
189037,"Agustín K-ballo Bergé","2012-07-01 23:32:39","Re: [boost] [type_index] C++03 implementation in boost?"
189059,"Emil Dotchevski","2023-02-23 01:40:48","Re:  [Boost-users] Boost Libraries and Dropping C++ Language Support"
189247,"Jeff Garland","2021-04-11 02:25:40","Re:  [release] Boost 1.76.0 Release Candidate 1"
189718,"Glen Fernandes","2017-09-10 19:07:12","Re: [boost] C++17 detection"
190264,"Michel Morin","2012-09-08 12:57:22","[boost] [config] [result_of] Now VC++11 selects decltype-based result_of by default"
190467,"Antony Polukhin","2020-08-22 14:47:24","Re:  Modules"
190477,"Vinnie Falco","2022-12-06 18:05:56","Re:  Revitalization"
190775,"Peter Dimov","2021-10-19 12:27:39","Re:  Opinions on introduction of string_view in Core"
190821,"Vicente J. Botet Escriba","2013-04-27 02:21:39","[boost] [GSoC 2013] Moving to Boost to Boost.Move"
190922,"Steven Watanabe","2015-03-05 13:57:46","Re: [boost] [MPL lite or MPL 2] A modest proposal"
191108,"Edward Diener","2018-11-15 01:51:05","Re: [boost] Announcing LEAF, a new error handling library suitable for low latency applications"
191262,"Mateusz Loskot","2020-10-26 19:47:30","Re:  [gil] Phasing out support C++11 and switching to C++17"
191333,"Edward Diener","2020-09-15 15:09:12","Re:  [preprocessor] Dropping support for compilers that do not implement variadic macros"
191345,"Matt Borland","2023-02-08 16:30:21","Re:  Dropping C++03 support (again)"
191973,"Niall Douglas","2014-11-24 16:09:59","Re: [boost] List of C++ 11 only Boost libraries and their status?"
192487,"Andrey Semashev","2020-09-08 19:18:22","Re:  Review Manager needed for Boost.Lambda2"
192501,"Peter Dimov","2018-02-08 22:58:17","Re: [boost] C++03 / C++11 compatibility question for compiled libraries"
192644,"Gavin Lambert","2018-09-17 01:13:35","Re: [boost] [system] Do you use the deprecated features or cygwin/linux/windows_error.hpp?"
192705,"Niall Douglas","2015-05-14 17:01:51","Re: [boost] Some statistics about the C++ 11/14 mandatory Boost libraries"
192782,"Edward Diener","2018-08-26 05:36:45","Re: [boost] A possible date for dropping c++03 support"
193580,"Murray Cumming","2016-08-11 06:08:56","Re: [boost] [EXTERNAL]  [graph] Sync develop with master?"
193604,,"2017-08-10 08:50:24","Re: [boost] Where we are 1.65.0"
193911,"Andrey Semashev","2015-10-05 16:54:23","Re: [boost] [test] Boost.test failures in develop"
195028,"Edward Diener","2015-05-14 02:15:00","Re: [boost] Some statistics about the C++ 11/14 mandatory Boost libraries"
195220,"Daniela Engert","2016-11-06 10:31:41","Re: [boost] Visual Studio 2015 Update 3 has removed std::unary_function and std::binary_function"
195825,"Richard Hodges","2021-10-17 22:27:01","Re:  Opinions on introduction of string_view in Core"
196124,"Gero Peterhoff","2022-08-10 17:09:39","additional math-functions"
196986,"Vicente Botet","2012-01-03 05:33:02","Re: [boost] [test] showtopper for release 1.49 - std::forward not found when compiling with clang 3.0 c++0x mode."
197019,"Edward Diener","2019-08-09 09:09:36","Re:  Potential project: Resolving boost::chrono conflicts with std::chrono"
197179,,"2020-12-30 17:13:14","Re:  C++11 on up Boost libraries"
197480,"Christopher Kormanyos","2013-03-17 06:56:51","Re: [boost] [test] Any dependency on Boost.Test requires C++11 ?"
197527,"Glen Fernandes","2017-03-15 16:26:42","Re: [boost] [partly OT] Re: [review queue] What to do about the library review queue?"
197579,"Edward Diener","2017-09-28 12:53:10","Re: [boost] [ANN] Boost.UI - a new C++ GUI library"
197599,"Emil Dotchevski","2018-11-15 01:03:39","Re: [boost] Announcing LEAF, a new error handling library suitable for low latency applications"
197773,"Michael Caisse","2009-11-24 14:40:57","Re: [boost] Core libraries should separated from	experimentallibraries"
197906,"Glen Fernandes","2020-11-29 19:54:32","Re:  The new Boost 17.0.0"
197921,"Tom Kent","2015-10-02 21:05:50","Re: [boost] Boost.test failures in develop"
198325,degski,"2018-11-03 13:21:33","Re: [boost] [parameter] Go C++11 and above only, or keep C++03 support?"
198398,"Adam Wulkiewicz","2020-03-26 11:26:51","[config] Switching to C++11 after 1.73 release"
198828,"Andrey Semashev","2021-10-19 01:13:26","Re:  Opinions on introduction of string_view in Core"
199251,Mike,"2020-11-28 16:47:04","The new Boost 17.0.0"
199487,"Doug Gregor","2012-05-03 12:27:31","Re: [boost] question about C++11 guidelines"
200361,"Nathan Ridge","2011-11-23 15:54:39","Re: [boost] New libraries implementing C++11 features in C++03"
201406,"Edward Diener","2020-09-22 16:02:39","Re:  Proposal for adding C++ level to the meta/libraries.json"
201659,"Vicente J. Botet Escriba","2013-04-27 09:00:50","Re: [boost] [GSoC 2013] Moving to Boost to Boost.Move"
202246,"Vicente Botet","2011-08-14 10:52:29","Re: [boost] The Lonely Song of the MPL Maintainer -- or Boost support for antediluvian compiler and the future supprot of C++11"
202446,"Beman Dawes","2013-10-18 12:27:52","Re: [boost] [modularization] Modularizing Boost (modularization)"
203075,"Christopher Kormanyos","2022-05-07 08:02:49","Re:  Any objections to making C++14 the current baseline for Boost support and testing?"
203234,"Emil Dotchevski","2020-12-02 20:59:10","Re:  The new Boost 17.0.0"
203506,"Edward Diener","2019-08-10 11:05:39","Re:  [release] Boost 1.71.0 Release Candidate 1"
204176,"Glen Fernandes","2018-08-29 16:22:48","Re: [boost] c++03 library survey"
204236,AlisdairM,"2003-11-25 09:33:20","[boost] Re: int_const_guidelines out of date?"
204329,"Andrey Semashev","2023-02-04 13:34:09","Re:  Dropping C++03 support (again)"
204434,"Ion GaztaÃ±aga","2023-02-08 16:01:54","Re:  Dropping C++03 support (again)"
204528,"Peter Dimov","2018-10-01 17:51:40","Re: [boost] [container][interprocess][intrusive][move] Removing support for old compilers"
204785,"Edward Diener","2015-05-14 19:27:04","Re: [boost] Some statistics about the C++ 11/14 mandatory Boostlibraries"
204958,"Joel de Guzman","2011-11-22 21:21:50","Re: [boost] New libraries implementing C++11 features in C++03"
205338,"John Maddock","2014-06-13 14:16:12","Re: [boost] New dependency report"
205433,"Peter Dimov","2023-02-05 23:41:57","Re:  Dropping C++03 support (again)"
205475,"Julien Blanc","2021-10-19 05:42:15","Re:  Opinions on introduction of string_view in Core"
205743,"Groke, Paul","2018-02-20 08:54:40","Re: [boost] C++03 / C++11 compatibility question for compiled libraries"
205867,"Andrey Semashev","2022-02-02 21:49:37","Re:  boost::throw_exception potential changes"
206331,"Beman Dawes","2009-05-19 10:14:04","Re: [boost] boost trac for upcoming libraries?"
206480,"Edward Diener","2018-08-27 06:05:56","Re: [boost] A possible date for dropping c++03 support"
206552,"Alexander Grund","2018-10-22 13:45:27","Re: [boost] [histogram] Finalising version for submission"
206844,"Andrey Semashev","2020-05-25 12:06:48","Re:  [epochs] Proposal for an epoch-based organization of Boost libraries"
206911,Mike,"2020-11-27 12:05:11","The new Boost 17.0.0"
207290,"Andrey Semashev","2015-11-11 12:49:02","Re: [boost] Boost and auto_ptr (was Boost 1.60.0 beta 1...)"
207318,"Edward Diener","2017-10-14 17:55:32","Re: [boost] Recommend dropping test coverage on msvc-7.1 and msvc-8.0"
207405,"Ion GaztaÃ±aga","2018-08-29 14:42:18","Re: [boost] c++03 library survey"
208651,"Vicente J. Botet Escriba","2012-11-17 10:25:20","Re: [boost] Should the clang, c++11 and libstdc++ configuration supported?"
209009,"Ion GaztaÃ±aga","2017-09-11 16:43:54","Re: [boost] C++17 detection"
209014,"Mike Dev","2018-08-31 03:00:00","[boost] A possible date for dropping c++03 support"
209194,degski,"2018-08-29 04:47:58","Re: [boost] c++03 library survey"
209554,"Edward Diener","2019-08-11 04:42:28","Re:  [release] Boost 1.71.0 Release Candidate 1"
210256,"Robert Ramey","2013-10-14 13:40:08","Re: [boost] [Removing support for old compilers]"
210726,"Mateusz Loskot","2023-02-17 12:18:13","Re:  Dropping C++03 support (again)"
211070,"Mike Dev","2018-08-30 17:34:28","[boost] A possible date for dropping c++03 support"
211284,"Deniz Bahadir","2017-03-20 14:40:45","Re: [boost] About all these metaprogramming libraries"
212012,"Marshall Clow","2017-03-24 03:37:10","Re: [boost] Constructing string_ref from rvalue string"
212677,"Artyom Beilis","2015-11-11 12:05:41","Re: [boost] Boost and auto_ptr (was Boost 1.60.0 beta 1...)"
212921,"Glen Fernandes","2018-08-28 11:49:14","Re: [boost] A possible date for dropping c++03 support"
212932,"Zach Laine","2023-02-05 01:19:04","Re:  Dropping C++03 support (again)"
213184,"Hugo Duncan","2003-11-25 10:30:28","[boost] Re: int_const_guidelines out of date?"
213561,degski,"2018-08-28 07:36:32","Re: [boost] A possible date for dropping c++03 support"
213599,"Gavin Lambert","2015-10-05 19:40:24","Re: [boost] boost.test regression or behavior change (was Re: Boost.lockfree)"
213717,"Gavin Lambert","2016-08-10 20:40:44","Re: [boost] [EXTERNAL] [graph] Sync develop with master?"
214359,"Eric Niebler","2012-05-02 18:01:52","[boost] question about C++11 guidelines"
214474,"Edward Diener","2011-08-14 08:09:50","Re: [boost] The Lonely Song of the MPL Maintainer -- or Boost support for antediluvian compiler and the future supprot of C++11"
214497,"Robert Ramey","2020-10-26 14:52:51","Re:  [gil] Phasing out support C++11 and switching to C++17"
214725,"Mike Dev","2018-10-01 20:45:20","[boost] [container][interprocess][intrusive][move] Removing support for old compilers"
214925,"Edward Diener","2018-08-26 18:13:50","Re: [boost] A possible date for dropping c++03 support"
215071,"Artyom Beilis","2015-11-10 07:51:52","Re: [boost] Boost and auto_ptr (was Boost 1.60.0 beta 1...)"
215275,"Robert Ramey","2019-11-08 12:42:53","Re:  Suggested policy for dropping C++03 support in Boost libraries"
215567,"Andrey Semashev","2018-11-03 11:12:58","Re: [boost] [parameter] Go C++11 and above only, or keep C++03 support?"
215854,"Hans Dembinski","2021-01-04 08:50:22","Re:  C++11 on up Boost libraries"
216371,"Gottlob Frege","2014-11-27 16:26:20","Re: [boost] List of C++ 11 only Boost libraries and their status?"
216473,"Hartmut Kaiser","2014-11-24 22:53:02","Re: [boost] List of C++ 11 only Boost libraries and their status?"
217016,"Andrey Semashev","2021-05-31 21:20:05","Re:  Adding CMakeLists.txt files"
217034,"Dean Michael Berris","2011-11-23 01:04:59","Re: [boost] New libraries implementing C++11 features in C++03"
217070,"Mike Dev","2018-10-22 17:13:44","Re: [boost] The future and present of Boost"
217583,"Russell Hind","2006-05-08 01:24:48","Re: [boost] Deprecation and Boost"
217605,"Bo Persson","2023-02-04 12:48:24","Re:  Dropping C++03 support (again)"
217694,"Robert Geiman","2004-03-11 20:40:53","Re: [boost] Re: Boost 2 - development in long term"
217809,"Edward Diener","2016-05-22 16:51:40","Re: [boost] Boost 2.x - (Was Re: Boost is supposed to serve *the entire C++ community; it isn't Boost's goal to serve Boost's community*)"
218162,"Edward Diener","2018-08-26 22:21:21","Re: [boost] A possible date for dropping c++03 support"
218213,"Andrey Semashev","2023-04-30 12:50:51","Re:  Boost.Compat"
218280,"Jonathan Wakely","2013-06-18 15:26:28","Re: [boost] [c++11]"
218502,"Raffi Enficiaud","2018-10-24 22:23:14","Re: [boost] The future and present of Boost"
218717,"Mateusz Loskot","2020-10-26 15:49:56","Re:  [gil] Phasing out support C++11 and switching to C++17"
218726,"Jonathan MÃ¼ller","2017-03-23 07:02:02","Re: [boost] Constructing string_ref from rvalue string"
218761,"Edward Diener","2020-11-27 12:54:03","Re:  The new Boost 17.0.0"
218779,"Edward Diener","2015-06-07 14:16:03","Re: [boost] [Config] Support for switching between std:: andboost:: equivalents."
218782,"Edward Diener","2020-12-30 17:38:46","Re:  C++11 on up Boost libraries"
218968,"Edward Diener","2018-11-04 23:27:12","Re: [boost] [parameter] Go C++11 and above only, or keep C++03 support?"
219011,"Tim Blechmann","2013-01-08 11:32:18","Re: [boost] [interprocess] (OS X) waiting on condition variable = CPU 100% + fans running loud"
219401,"Tom Kent","2023-02-07 02:31:07","Re:  Dropping C++03 support (again)"
220278,"Edward Diener","2018-02-11 21:55:37","Re: [boost] C++03 / C++11 compatibility question for compiled libraries"
220321,"Mike Dev","2018-08-26 03:07:33","Re: [boost] A possible date for dropping c++03 support"
220387,"Michael Glassford","2004-02-18 09:30:42","[boost] Re: 1.31.0 regressions"
220545,"Hartmut Kaiser","2015-05-13 16:39:19","Re: [boost] Some statistics about the C++ 11/14 mandatory Boost	libraries"
221156,"Glen Fernandes","2017-09-11 15:20:48","Re: [boost] C++17 detection"
221342,"Miguel Ojeda","2018-10-25 09:24:23","Re: [boost] The future and present of Boost"
221363,"Emil Dotchevski","2020-11-29 22:30:30","Re:  The new Boost 17.0.0"
221365,"Robert Ramey","2020-04-07 20:49:34","Re:  MySQL ASIO library"
221432,"Peter Dimov","2021-10-20 03:18:08","Re:  Opinions on introduction of string_view in Core"
221459,"Antony Polukhin","2013-06-14 06:25:55","Re: [boost] [c++11]"
221784,"Peter Dimov","2022-01-31 16:59:43","Primary test compilers in Boost release notes"
222007,"Daniela Engert","2017-05-20 16:29:43","Re: [boost] std::auto_ptr in public interfaces"
222014,"Andrey Semashev","2022-05-12 20:39:41","Re:  Future of C++ and Boost"
222158,"Hartmut Kaiser","2016-05-21 12:53:11","Re: [boost] Boost is supposed to serve *the entire C++ community; it isn't Boost's goal to serve Boost's community*"
222988,"Edward Diener","2020-12-01 22:21:57","Re:  The new Boost 17.0.0"
223027,"Paul A. Bristow","2018-08-28 11:24:54","Re: [boost] A possible date for dropping c++03 support"
223113,"Joaquin M LÃ³pez MuÃ±oz","2020-05-24 20:15:16","Re:  [epochs] Proposal for an epoch-based organization of Boost libraries"
224446,"Stephen Kelly","2014-06-08 06:46:31","Re: [boost] Guidelines to implement Boost library evolution	policy	(was Boost 2.0)"
224556,"Olaf van der Spek","2018-02-18 10:12:37","Re: [boost] C++03 / C++11 compatibility question for compiled libraries"
225076,"Ivan Le Lann","2012-05-04 04:53:14","Re: [boost] question about C++11 guidelines"
225278,"Robert Ramey","2016-05-21 14:27:25","Re: [boost] Boost is supposed to serve *the entire C++ community; it isn't Boost's goal to serve Boost's community*"
225620,"Michael Caisse","2017-08-08 03:28:28","Re: [boost] Boost UUID Maintainer"
225863,"Nicola Musatti","2006-05-07 17:39:12","Re: [boost] Deprecation and Boost"
226052,"Eric Niebler","2012-05-03 03:50:07","Re: [boost] question about C++11 guidelines"
226168,"Roger Leigh","2018-08-28 15:22:21","Re: [boost] A possible date for dropping c++03 support"
226234,"Mike Dev","2018-08-26 16:23:57","[boost] A possible date for dropping c++03 support"
226257,"Robert Ramey","2023-02-05 17:15:38","Re:  Dropping C++03 support (again)"
226263,"Gero Peterhoff","2022-08-17 23:11:58","bug - boost::math::ccmath::copysign not work"
226484,"Barrett Adair","2017-09-10 18:43:42","Re: [boost] C++17 detection"
226988,"Glen Fernandes","2018-08-29 15:05:41","Re: [boost] A possible date for dropping c++03 support"
227145,"Peter Dimov","2012-12-19 06:01:44","Re: [boost] [smart_ptr] error with nullptr_t"
227318,"Glen Fernandes","2020-11-27 14:15:02","Re:  The new Boost 17.0.0"
227670,"Bjorn Reese","2019-09-12 14:29:19","Re:  [container] static_string ?"
227797,"Robert Ramey","2023-02-05 23:52:01","Re:  Dropping C++03 support (again)"
227944,"Andrey Semashev","2018-02-08 19:54:28","Re: [boost] C++03 / C++11 compatibility question for compiled libraries"
227962,"Jody Hagins","2005-08-15 23:51:17","Re: [boost] boost dll versions"
228199,"Peter Dimov","2019-11-07 22:27:39","Re:  Suggested policy for dropping C++03 support in Boost libraries"
228435,"John Maddock","2020-03-24 17:41:40","Re:  boost [math] excessive warnings via [lexical_cast] from [date_time] (and others) for clang 3.4?"
228463,"Zach Laine","2018-09-23 18:44:09","Re: [boost] Interest in Unicode library for Boost?"
228849,degski,"2018-02-10 20:23:12","Re: [boost] C++03 / C++11 compatibility question for compiled libraries"
229521,degski,"2018-02-12 20:16:59","Re: [boost] C++03 / C++11 compatibility question for compiled libraries"
229847,"Vicente Botet","2011-12-05 11:59:30","Re: [boost] Boost.Algorithms organization question"
229981,"Antony Polukhin","2018-10-24 20:04:09","Re: [boost] The future and present of Boost"
230477,"Christopher Kormanyos","2021-02-25 18:38:50","Re:  feature for C++ standards compliance"
230675,"Glen Fernandes","2020-11-29 23:43:52","Re:  The new Boost 17.0.0"
230832,"Klaim - JoÃ«l Lamotte","2011-11-23 18:39:33","Re: [boost] New libraries implementing C++11 features in C++03"
230853,"Mateusz Loskot","2020-10-26 10:41:22","Re:  [gil] Phasing out support C++11 and switching to C++17"
231670,"Niall Douglas","2014-05-21 08:49:09","Re: [boost] Foundational vs non-foundational libraries (was: Re: Thoughts on Boost v2)"
231855,"Vicente J. Botet Escriba","2011-11-22 14:39:17","Re: [boost] New libraries implementing C++11 features in C++03"
231865,"Michael Caisse","2019-11-08 07:18:05","Re:  Suggested policy for dropping C++03 support in Boost libraries"
231892,"Mathias Gaunard","2012-06-20 17:43:56","Re: [boost] Boost and exceptions"
231919,"Peter Dimov","2019-11-07 20:10:12","Suggested policy for dropping C++03 support in Boost libraries"
232784,"Andrey Semashev","2021-10-18 01:14:18","Re:  Opinions on introduction of string_view in Core"
233770,"Edward Diener","2018-08-26 18:12:18","Re: [boost] A possible date for dropping c++03 support"
233820,"Peter Dimov","2013-04-27 12:40:38","Re: [boost] [result_of] Allow result_of to work with C++11 lambdas"
233922,"Gero Peterhoff","2022-08-13 11:09:37","Re:  additional math-functions"
233972,"Ion GaztaÃ±aga","2018-10-01 13:58:56","[boost] [container][interprocess][intrusive][move] Removing support for old compilers"
233981,"Paul A. Bristow","2018-08-29 15:36:25","Re: [boost] A possible date for dropping c++03 support"
234403,"Alexander Grund","2018-08-28 07:07:58","Re: [boost] A possible date for dropping c++03 support"
234476,"Daniel James","2017-08-14 16:58:56","[boost] [quickbook] Requiring C++11 features in quickbook"
234607,"Niall Douglas","2023-04-27 15:24:19","Re:  Boost.Compat"
235190,Gwenio,"2013-06-18 13:19:41","Re: [boost] [c++11]"
235415,"Mateusz Loskot","2018-10-24 19:52:16","Re: [boost] The future and present of Boost"
235478,"Rainer Deyke","2020-09-23 11:15:44","Re:  Proposal for adding C++ level to the meta/libraries.json"
235606,"Alexander Grund","2020-03-26 08:50:19","[nowide] Switching to C++11 after 1.73 release"
235877,"Peter Dimov","2020-11-29 16:19:52","Re:  The new Boost 17.0.0"
236291,"Peter Dimov","2018-08-27 18:13:56","Re: [boost] A possible date for dropping c++03 support"
236309,"Andrey Semashev","2017-03-13 13:11:12","Re: [boost] [gsoc17] Project1: Static map: Can I implement the competency test in g++-7?"
236515,"Olaf van der Spek","2018-08-30 06:16:21","Re: [boost] Let's stop distributing binaries"
236534,"Niall Douglas","2018-01-15 00:01:10","Re: [boost] [system] Would it be possible to trial a breaking change to Boost.System and see what happens?"
236772,"Glen Fernandes","2018-02-18 13:56:22","Re: [boost] C++03 / C++11 compatibility question for compiled libraries"
236878,"Edward Diener","2017-05-22 16:21:36","Re: [boost] std::auto_ptr in public interfaces"
237048,Mike,"2020-03-24 18:10:38","boost [math] excessive warnings via [lexical_cast] from [date_time] (and others) for clang 3.4?"
237207,"Andrey Semashev","2018-08-29 18:22:35","Re: [boost] c++03 library survey"
237612,"Vinnie Falco","2020-10-28 19:29:20","Re:  [1.75 release] Merging 'develop' to 'master' for Embarcadero fix"
237667,"Robert Ramey","2009-11-24 12:08:28","Re: [boost] Core libraries should separated from experimentallibraries"
237683,"Robert Ramey","2018-02-19 16:53:07","Re: [boost] C++03 / C++11 compatibility question for compiled libraries"
238234,"Peter Dimov","2021-10-18 14:34:39","Re:  Opinions on introduction of string_view in Core"
239022,"Dominique Devienne","2020-11-27 15:32:41","Re:  The new Boost 17.0.0"
239276,degski,"2017-05-19 19:36:50","Re: [boost] [review] Review of Outcome (starts Fri-19-May)"
239760,"Gennadiy Rozenal","2012-10-20 00:49:30","Re: [boost] Boost.Test updates in trunk: need for (mini) review?"
239995,"Matt Borland","2023-02-04 14:52:39","Re:  Dropping C++03 support (again)"
240070,"Jonathan Wakely","2015-11-11 16:10:47","Re: [boost] Boost and auto_ptr (was Boost 1.60.0 beta 1...)"
240083,"Eric Niebler","2014-06-13 14:07:52","Re: [boost] New dependency report"
240095,"Andrey Semashev","2021-10-18 00:47:25","Re:  Opinions on introduction of string_view in Core"
240139,"Peter Dimov","2020-11-29 17:21:53","Re:  The new Boost 17.0.0"
240398,"James E. King III","2019-11-08 03:24:43","Re:  Suggested policy for dropping C++03 support in Boost libraries"
240477,"Nathan Ridge","2011-11-23 13:40:39","Re: [boost] New libraries implementing C++11 features in C++03"
240758,"Joel falcou","2011-06-28 12:25:26","Re: [boost] Question about useful libraries"
240981,"Gennadiy Rozental","2006-01-31 04:08:27","Re: [boost] [Release 1.34] Supported Compilers"
241058,"Rainer Deyke","2021-10-19 11:12:50","Re:  Opinions on introduction of string_view in Core"
241477,"Stephen Kelly","2013-10-31 14:00:36","Re: [boost] A bike shed (any colour will do) on greener grass..."
241491,"Andrey Semashev","2021-07-13 19:18:03","Re:  boost still supports C++03?"
241850,"Andrey Semashev","2018-11-03 14:35:06","Re: [boost] [parameter] Go C++11 and above only, or keep C++03 support?"
242289,"Marshall Clow","2013-06-17 11:57:14","Re: [boost] [c++11]"
242573,"John Fuller","2004-03-11 07:40:41","Re: [boost] Boost 2 - development in long term"
242746,"Edward Diener","2018-10-24 20:53:14","Re: [boost] The future and present of Boost"
243003,"Peter Dimov","2017-05-19 14:59:45","Re: [boost] [review] Review of Outcome (starts Fri-19-May)"
243209,"Nathan Ridge","2011-11-24 23:51:54","Re: [boost] New libraries implementing C++11 features in C++03"
243733,"Glen Fernandes","2021-01-11 14:39:31","Re:  Boost website changes and .'cxxstd'"
244653,Mike,"2019-09-10 12:32:47","Re:  [container] static_string ?"
244766,"Edward Diener","2018-08-26 12:51:21","Re: [boost] A possible date for dropping c++03 support"
245015,"Edward Diener","2017-10-17 17:36:00","Re: [boost] [msvc] #warning preprocessor directive"
245305,"Mathias Gaunard","2013-05-13 18:01:47","Re: [boost] C++03 and C++11 ABI compatibility for compiled libraries"
245510,"Andrey Semashev","2023-04-29 23:05:43","Re:  Boost.Compat"
245700,"Peter Dimov","2023-05-19 16:08:55","Re:  Boost.Compat"
245817,"Daniela Engert","2017-05-20 14:30:12","[boost] std::auto_ptr in public interfaces"
245831,"Peter Dimov","2022-06-04 23:10:09","Re:  Boost.URL -- some notes"
245988,"Hans Dembinski","2020-11-27 09:46:40","Re:  The new Boost 17.0.0"
246022,"Mateusz Loskot","2012-06-10 16:19:46","Re: [boost] From an user to developers"
246052,"Glen Fernandes","2018-08-30 18:25:59","Re: [boost] A possible date for dropping c++03 support"
246314,"Mike Dev","2018-08-28 17:50:55","[boost] A possible date for dropping c++03 support"
246387,"Evgeny Panasyuk","2012-10-20 15:47:55","Re: [boost] Boost.Test updates in trunk: need for (mini) review?"
246407,"Edward Diener","2018-02-12 04:27:00","Re: [boost] C++03 / C++11 compatibility question for compiled libraries"
246420,"Michel Morin","2012-06-01 10:35:10","Re: [boost] Review Request : Boost.Range Extension"
246467,,"2020-09-23 08:38:56","Re:  Proposal for adding C++ level to the meta/libraries.json"
246698,"Niall Douglas","2017-09-11 00:28:57","Re: [boost] C++17 detection"
246729,"Andrey Semashev","2021-10-18 11:47:06","Re:  Opinions on introduction of string_view in Core"
246986,"Gavin Lambert","2017-11-06 22:07:57","Re: [boost] [config] Rethinking feature macros?"
247097,"Joel falcou","2011-08-14 02:49:06","Re: [boost] The Lonely Song of the MPL Maintainer -- or Boost support for antediluvian compiler and the future supprot of C++11"
247683,"Benedict Bede McNamara","2022-05-08 12:53:18","Re:  Boost Digest, Vol 6699, Issue 1"
248190,"Peter Dimov","2020-10-27 12:20:27","Re:  [gil] Phasing out support C++11 and switching to C++17"
248276,"Dominique Devienne","2023-05-10 15:42:27","Re:  charconv for C++11"
248327,"Edward Diener","2018-10-25 01:50:44","Re: [boost] The future and present of Boost"
248661,"Robert Ramey","2018-11-03 16:30:08","Re: [boost] [parameter] Go C++11 and above only, or keep C++03 support?"
248726,"Edward Diener","2020-10-03 14:42:01","Re:  new type traits"
249651,"Kolya Kosenko","2017-09-28 13:20:14","Re: [boost] [ANN] Boost.UI - a new C++ GUI library"
249749,"Ion Gaztañaga","2012-03-31 06:04:31","Re: [boost] [container][memory] Request to move allocator_arg_t and uses_allocator to a memory related file."
249857,"Edward Diener","2018-02-19 17:52:43","Re: [boost] C++03 / C++11 compatibility question for compiled libraries"
250356,"Robert Ramey","2015-03-06 13:13:01","Re: [boost] [MPL lite or MPL 2] A modest proposal"
250637,"Edward Diener","2018-08-28 20:13:56","Re: [boost] A possible date for dropping c++03 support"
250700,"Andrey Semashev","2018-02-11 00:15:43","Re: [boost] C++03 / C++11 compatibility question for compiled libraries"
250937,"Edward Diener","2015-06-07 09:57:44","Re: [boost] [Config] Support for switching between std:: and boost:: equivalents."
251224,"Glen Fernandes","2018-08-28 11:11:03","Re: [boost] A possible date for dropping c++03 support"
251257,"Edward Diener","2021-02-18 21:07:49","Re:  [boost-ext] Looking for Review Manager/s"
251260,"John Maddock","2022-12-06 17:52:21","Re:  Revitalization"
251973,"Glen Fernandes","2015-06-18 13:20:39","Re: [boost] [Hana] Formal review"
252035,"Andrey Semashev","2021-11-30 20:00:08","Re:  boost.spawn: review requested"
252723,"Robert Ramey","2012-07-02 00:11:03","Re: [boost] [type_index] C++03 implementation in boost?"
252970,"Mateusz Loskot","2020-09-22 16:47:12","Re:  Proposal for adding C++ level to the meta/libraries.json"
254108,"Mike Dev","2018-08-29 15:59:14","[boost] c++03 library survey"
254140,"Glen Fernandes","2022-05-06 01:46:38","Re:  Future of C++ and Boost"
254550,"Daniel James","2012-06-25 13:19:56","Re: [boost] Boost and exceptions"
